arg_id,comment_id,argument,cluster_l1,cluster_l2,is_centroid,micro_cluster_id,micro_cluster_size,centroid_arg_id,source,url,original_count,duplicate_group_id
A1_0,1,脱炭素の観点に立ち再エネ100%を目指すべきである。,1_2,2_43,true,1296,2,A1_0,dhtool2025/full-complete-compressed,,1,group-1
A1_1,1,原油、石炭、ウラン等は100年〜200年で枯渇すると推定されているため、早期の脱化石燃料が将来を見越したエネルギー計画である。,1_2,2_42,true,878,1,A1_1,dhtool2025/full-complete-compressed,,1,group-1
A1_2,1,巨大地震が必ず起こるため、原発の利活用はするべきではない。,1_6,2_50,true,25,1,A1_2,dhtool2025/full-complete-compressed,,1,group-1
A1_3,1,第7次エネルギー基本計画（案）は旧来の産業を温存するための計画であり、再エネ50%は化石燃料を基礎とする発電方法を守るための後ろ向きな計画である。,1_7,2_11,true,1067,1,A1_3,dhtool2025/full-complete-compressed,,1,group-1
A1_4,1,再エネ100%炭素ゼロを目指すべきだ。,1_1,2_51,false,1296,2,A1_0,dhtool2025/full-complete-compressed,,1,group-1
A2_0,2,既存の技術に囚われない新しい革新技術に目を向けるべき,1_4,2_0,true,781,1,A2_0,dhtool2025/full-complete-compressed,,1,group-2
A2_1,2,脱炭素自然エネルギーというお題目を捨てるべき,1_2,2_43,true,945,1,A2_1,dhtool2025/full-complete-compressed,,1,group-2
A3_0,3,イギリスのように高い削減目標を掲げ、政府が達成のための政策を打ち立てるべき,1_1,2_12,true,807,1,A3_0,dhtool2025/full-complete-compressed,,1,group-3
A3_1,3,自国で賄えない限り、化石燃料の利用はゼロにすべき,1_2,2_17,true,892,1,A3_1,dhtool2025/full-complete-compressed,,1,group-3
A3_2,3,全て再生可能エネルギーにし、火力発電をゼロにするべき,1_4,2_32,true,1147,2,A3_2,dhtool2025/full-complete-compressed,,1,group-3
A3_3,3,電気自動車以外は廃止し、化石燃料を使う暖房器具も廃止すべき,1_2,2_3,true,994,1,A3_3,dhtool2025/full-complete-compressed,,1,group-3
A3_4,3,国民の声を聞いてほしい,1_7,2_45,true,581,1,A3_4,dhtool2025/full-complete-compressed,,1,group-3
A4_0,4,原子力発電は安全を確保して推進すべきではない。,1_5,2_52,true,88,2,A4_0,dhtool2025/full-complete-compressed,,1,group-4
A4_1,4,日本は地震の被害を避けられないため、原子力発電を削除すべきである。,1_6,2_50,true,17,1,A4_1,dhtool2025/full-complete-compressed,,1,group-4
A4_2,4,福島事故を防げなかった過去を繰り返すべきではない。,1_6,2_1,true,114,1,A4_2,dhtool2025/full-complete-compressed,,1,group-4
A4_3,4,南海トラフ地震を無視しているのか。,1_6,2_50,true,9,1,A4_3,dhtool2025/full-complete-compressed,,1,group-4
A4_4,4,安全であることは誰も証明できない。,1_5,2_52,true,97,1,A4_4,dhtool2025/full-complete-compressed,,1,group-4
A4_5,4,経産省は無責任な案を提出すべきではない。,1_7,2_48,true,602,1,A4_5,dhtool2025/full-complete-compressed,,1,group-4
A5_0,5,原発エネルギーを止めるべきである。,1_8,2_15,false,394,3,A369_1,dhtool2025/full-complete-compressed,,1,group-5
A5_1,5,原発は攻撃の標的になり得るため、国内に核兵器を持っているようなものだ。,1_8,2_23,true,60,1,A5_1,dhtool2025/full-complete-compressed,,1,group-5
A5_2,5,原発は廃炉にしてやめていくべきである。,1_8,2_15,false,388,4,A21_0,dhtool2025/full-complete-compressed,,1,group-5
A5_3,5,2024年の原発エネルギーが2割になるのはおかしい。,1_1,2_51,true,1361,1,A5_3,dhtool2025/full-complete-compressed,,1,group-5
A5_4,5,老朽化した原発が多いため、新規に作らなければ目的を達成できない。,1_8,2_41,true,401,1,A5_4,dhtool2025/full-complete-compressed,,1,group-5
A5_5,5,再生エネルギーにシフトし、雇用を増やし、国内でエネルギーを作るべきである。,1_4,2_14,true,1074,1,A5_5,dhtool2025/full-complete-compressed,,1,group-5
A6_0,6,原子力産業の儲けと被害の受け手が大きくズレていることが、東電事故を通じて露わになった。,1_6,2_57,true,100,1,A6_0,dhtool2025/full-complete-compressed,,1,group-6
A6_1,6,事故処理は終わっていない。,1_6,2_19,true,205,1,A6_1,dhtool2025/full-complete-compressed,,1,group-6
A6_2,6,原発のリスクとコストは相対的にも絶対的にも大きい。,1_5,2_10,true,307,1,A6_2,dhtool2025/full-complete-compressed,,1,group-6
A6_3,6,原子力依存への回帰は再考すべき。,1_5,2_62,true,540,1,A6_3,dhtool2025/full-complete-compressed,,1,group-6
A7_0,7,原子力発電の最大限活用に賛成であり、エネルギー自給率の向上と脱炭素化のためには原子力の活用が必須である。,1_5,2_62,true,493,2,A7_0,dhtool2025/full-complete-compressed,,1,group-7
A7_1,7,日本は原子力産業の再稼働にリソースを割いているため、サプライチェーンの再整備が重要である。,1_5,2_62,true,44,1,A7_1,dhtool2025/full-complete-compressed,,1,group-7
A7_2,7,国は原子力発電の新設を支援し、過去の失敗を繰り返さないようにすべきである。,1_5,2_62,true,1331,1,A7_2,dhtool2025/full-complete-compressed,,1,group-7
A7_3,7,原子力エネルギーは電気だけでなくクリーンな熱源にもなりうるため、熱利用の研究開発及び商業化の支援が必要である。,1_4,2_60,true,1227,1,A7_3,dhtool2025/full-complete-compressed,,1,group-7
A8_0,8,脱炭素と電気料金の低廉化を図るために原発利用の縮小を評価する,1_4,2_13,true,477,1,A8_0,dhtool2025/full-complete-compressed,,1,group-8
A8_1,8,エネルギー安全保障上、原発利用の推進を期待する,1_4,2_39,true,86,1,A8_1,dhtool2025/full-complete-compressed,,1,group-8
A8_2,8,再エネと原発は排他的ではなく、共に推進・利用すべき,1_4,2_0,true,443,1,A8_2,dhtool2025/full-complete-compressed,,1,group-8
A8_3,8,岸田政権が原発利用を表明する際、自治体同意を必須とせず、強権的な政治判断を期待する,1_8,2_35,true,451,1,A8_3,dhtool2025/full-complete-compressed,,1,group-8
A9_0,9,国の審査に合格した原発は都道府県への届出のみで運転できるようにすべき,1_8,2_41,true,419,1,A9_0,dhtool2025/full-complete-compressed,,1,group-9
A9_1,9,地元同意が必要な場合は法手続きの方法や期限を規定すべき,1_7,2_45,true,707,1,A9_1,dhtool2025/full-complete-compressed,,1,group-9
A9_2,9,法的根拠のない原発の運転制限は財産権の侵害の恐れがあることを周知すべき,1_8,2_7,true,459,1,A9_2,dhtool2025/full-complete-compressed,,1,group-9
A10_0,10,原子力の事故後の処理費用が膨大過ぎて費用の総額すら見通せない,1_5,2_24,true,276,2,A10_0,dhtool2025/full-complete-compressed,,1,group-10
A10_1,10,原子力発電で生じる使用済み燃料と高レベル廃棄物の最終処分場が決まらないまま運転を続けるのは矛盾している,1_6,2_49,true,371,1,A10_1,dhtool2025/full-complete-compressed,,1,group-10
A10_2,10,安価で安定した電力確保のために、特に積雪が多い地域には高効率火力を一定数維持すべき,1_4,2_13,true,1211,1,A10_2,dhtool2025/full-complete-compressed,,1,group-10
A10_3,10,地熱発電の利用拡大が必要である,1_4,2_60,true,1229,1,A10_3,dhtool2025/full-complete-compressed,,1,group-10
A10_4,10,太陽光発電の有効利用促進には、蓄電所のような電力調整できる仕組みの整備が急がれる,1_4,2_22,true,1135,1,A10_4,dhtool2025/full-complete-compressed,,1,group-10
A11_0,11,原子力発電を推進することに反対する,1_5,2_30,false,223,4,A71_0,dhtool2025/full-complete-compressed,,1,group-11
A11_1,11,日本は災害の多い国であり、原発は戦争時に攻撃対象になる可能性がある,1_6,2_50,true,28,1,A11_1,dhtool2025/full-complete-compressed,,1,group-11
A11_2,11,世界では再生可能エネルギーへの転換が進んでおり、日本だけが取り残されてはいけない,1_4,2_14,true,1081,1,A11_2,dhtool2025/full-complete-compressed,,1,group-11
A11_3,11,原発に関わる費用を国民に押し付けることに反対する,1_8,2_35,true,258,2,A11_3,dhtool2025/full-complete-compressed,,1,group-11
A11_4,11,次の選挙ではこれらの点を重要視する,1_8,2_2,true,636,1,A11_4,dhtool2025/full-complete-compressed,,1,group-11
A12_0,12,原発事故が起きた際の被害の回復には金をかけても到底無理であるため、原発反対の国民の電気代に原発新設の代金を上乗せすることは認められない。,1_8,2_55,true,259,1,A12_0,dhtool2025/full-complete-compressed,,1,group-12
A13_0,13,原子力発電は発電そのものは脱炭素電源だが、ライフサイクル全体を考慮すると必ずしも脱炭素電源とは言えない。,1_5,2_5,true,520,1,A13_0,dhtool2025/full-complete-compressed,,1,group-13
A13_1,13,廃炉方法が確定していないため、原子力発電のライフサイクルの総CO2の算定ができない。,1_6,2_49,true,522,1,A13_1,dhtool2025/full-complete-compressed,,1,group-13
A13_2,13,エネルギー基本計画はエネルギー需要と気候変動対策のバランスを取るべきであり、原子力のライフサイクルの総CO2を議論から外すべきではない。,1_7,2_11,true,1253,2,A13_2,dhtool2025/full-complete-compressed,,1,group-13
A13_3,13,原発の新増設を行わないという方針を加え、基本計画を再検討すべき。,1_8,2_7,true,482,1,A13_3,dhtool2025/full-complete-compressed,,1,group-13
A13_4,13,経済成長の犠牲を許容し、地球温暖化対策を優先する必要がある。,1_1,2_8,true,610,1,A13_4,dhtool2025/full-complete-compressed,,1,group-13
A14_0,14,福島第一原発事故を踏まえ、原発以外のエネルギー政策に全力を尽くしてシフトすべきである。,1_6,2_29,true,128,2,A14_0,dhtool2025/full-complete-compressed,,1,group-14
A14_1,14,福島第一原発付近は今も帰宅困難であり、処理水の海洋放出や汚染土の全国ばら撒きは安全性が担保されていない。,1_6,2_19,true,140,1,A14_1,dhtool2025/full-complete-compressed,,1,group-14
A14_2,14,デブリの取り出しが進んでおらず、廃炉まで何百年かかるのか不明である。,1_6,2_34,true,313,1,A14_2,dhtool2025/full-complete-compressed,,1,group-14
A14_3,14,事故後に進展がないのに、なぜ原発に頼り続けようとしているのか疑問である。,1_6,2_57,true,154,1,A14_3,dhtool2025/full-complete-compressed,,1,group-14
A14_4,14,地震大国である日本で、今後30年以内に南海トラフ地震が予測されている中、故郷を失う国民や住めない土地を増やさないようにすべきである。,1_6,2_50,true,1,1,A14_4,dhtool2025/full-complete-compressed,,1,group-14
A14_5,14,必要な努力をせずに原発の増設を進めることは許されない。,1_5,2_30,true,530,1,A14_5,dhtool2025/full-complete-compressed,,1,group-14
A15_0,15,福島第一原発事故により、国が原子力を2割とする基本計画を立てることは信じられない。,1_6,2_29,true,1250,1,A15_0,dhtool2025/full-complete-compressed,,1,group-15
A15_1,15,国民の暮らし、財産、国土を守るために、原子力関係では廃炉と核ゴミの処理に力を注ぐべき。,1_5,2_52,true,326,1,A15_1,dhtool2025/full-complete-compressed,,1,group-15
A15_2,15,第7次エネルギー基本計画は、原子力をゼロにし、再生可能エネルギーと省エネの強化を掲げるべき。,1_7,2_11,false,1070,4,A195_5,dhtool2025/full-complete-compressed,,1,group-15
A16_0,16,基本的人権を尊重し、「カネより命」を大切にする憲法を守るべきである。,1_8,2_28,true,626,1,A16_0,dhtool2025/full-complete-compressed,,1,group-16
A16_1,16,「命よりカネ」を大切にする原発再稼働を認めない。,1_8,2_46,true,627,1,A16_1,dhtool2025/full-complete-compressed,,1,group-16
A16_2,16,原発再稼働を推進する「エネルギー基本計画」は軽蔑の対象である。,1_7,2_11,true,1263,2,A16_2,dhtool2025/full-complete-compressed,,1,group-16
A17_0,17,トランプ政権に学ぶべきである。,1_8,2_28,true,760,1,A17_0,dhtool2025/full-complete-compressed,,1,group-17
A17_1,17,日本の優秀な火力発電を採用できるよう、銀行の融資基準を見直すべきである。,1_8,2_55,true,1212,1,A17_1,dhtool2025/full-complete-compressed,,1,group-17
A17_2,17,G7での計画は日本だけが間抜けであり、海外から笑われていることを理解すべきである。,1_2,2_42,true,854,1,A17_2,dhtool2025/full-complete-compressed,,1,group-17
A17_3,17,私たちの税金を利権に使うべきではない。,1_8,2_28,true,621,1,A17_3,dhtool2025/full-complete-compressed,,1,group-17
A17_4,17,国民はすでに気づいているが、気づいていないのは政治家たちである。,1_8,2_2,true,645,1,A17_4,dhtool2025/full-complete-compressed,,1,group-17
A18_0,18,再エネを増やすべき,1_1,2_25,true,1293,2,A18_0,dhtool2025/full-complete-compressed,,1,group-18
A18_1,18,福島原発事故を忘れないべき,1_6,2_1,true,113,2,A18_1,dhtool2025/full-complete-compressed,,1,group-18
A18_2,18,原発は最大限の努力で廃炉すべき,1_8,2_15,true,398,1,A18_2,dhtool2025/full-complete-compressed,,1,group-18
A19_0,19,原発の新規建設は不要であり、既存の原発もすべて廃炉にすべきである。,1_8,2_41,true,399,1,A19_0,dhtool2025/full-complete-compressed,,1,group-19
A19_1,19,クリーンなエネルギーという主張は嘘であり、原発は核廃棄物を生み出し続け、事故が起これば周辺が汚染される。,1_5,2_36,true,515,1,A19_1,dhtool2025/full-complete-compressed,,1,group-19
A19_2,19,福島の悲劇が続いている中で、避難住民への補償が蔑ろにされているのに原発を増やすことは許されない。,1_6,2_19,true,110,1,A19_2,dhtool2025/full-complete-compressed,,1,group-19
A20_0,20,再エネを最大限増やすべきである。,1_1,2_25,false,1293,2,A18_0,dhtool2025/full-complete-compressed,,1,group-20
A20_1,20,再エネの増加はエネルギー自給率を向上させ、電気を国産できるため重要である。,1_4,2_14,true,1333,2,A20_1,dhtool2025/full-complete-compressed,,1,group-20
A20_2,20,再エネは自宅や事業所で生産可能である。,1_1,2_25,true,705,1,A20_2,dhtool2025/full-complete-compressed,,1,group-20
A21_0,21,原発を廃絶すべきである,1_8,2_15,true,388,4,A21_0,dhtool2025/full-complete-compressed,,1,group-21
A22_0,22,原発の新増設には絶対反対である,1_8,2_40,false,226,9,A442_1,dhtool2025/full-complete-compressed,,1,group-22
A22_1,22,東電はきちんと責任をとるべきである,1_6,2_27,true,212,1,A22_1,dhtool2025/full-complete-compressed,,1,group-22
A22_2,22,中抜きには反対である,1_8,2_28,true,237,1,A22_2,dhtool2025/full-complete-compressed,,1,group-22
A23_0,23,気候変動は命の問題であり、国民がその影響を知る機会が少ないことが問題である。,1_1,2_63,true,830,1,A23_0,dhtool2025/full-complete-compressed,,1,group-23
A23_1,23,化石燃料の燃焼による大気汚染が健康に与える影響について、国民にもっと知識を提供すべきである。,1_2,2_17,true,927,1,A23_1,dhtool2025/full-complete-compressed,,1,group-23
A23_2,23,再生可能エネルギーへの切り替えの重要性を国民に理解させる必要がある。,1_4,2_14,true,1077,1,A23_2,dhtool2025/full-complete-compressed,,1,group-23
A23_3,23,気候変動による健康被害や超過死亡についての情報を広めるべきである。,1_1,2_63,true,831,1,A23_3,dhtool2025/full-complete-compressed,,1,group-23
A23_4,23,温室効果ガス削減目標を設定し、再生可能エネルギーの割合を大幅に増加させるべきである。,1_1,2_12,true,799,2,A23_4,dhtool2025/full-complete-compressed,,1,group-23
A23_5,23,石炭火力発電所の段階的廃止を進め、再生可能エネルギーの拡大に予算を集中させるべきである。,1_2,2_3,true,991,2,A23_5,dhtool2025/full-complete-compressed,,1,group-23
A24_0,24,2035年までに温室効果ガス60%削減という目標は不十分であり、世界で必要な削減の平均値にも足りない。,1_1,2_12,false,797,3,A129_2,dhtool2025/full-complete-compressed,,1,group-24
A24_1,24,原発の「最大限活用」方針は危険であり、原発稼働中の放射能排出やCO2排出の問題を考慮すべきである。特に「浮体式洋上発電」の研究を進めるべき。,1_5,2_62,true,498,1,A24_1,dhtool2025/full-complete-compressed,,1,group-24
A24_2,24,「エネルギー基本計画」の決定プロセスに市民や若い世代、環境団体が参加できる民主的な議論を行うべき。,1_7,2_16,true,1277,1,A24_2,dhtool2025/full-complete-compressed,,1,group-24
A25_0,25,火力発電に水素やアンモニアを混ぜてCO2を改修するのは止めてほしい。,1_3,2_4,true,919,1,A25_0,dhtool2025/full-complete-compressed,,1,group-25
A25_1,25,リソースは再エネ（特に洋上風力、地熱発電）に回して、再エネを増やしてほしい。,1_4,2_20,true,1337,1,A25_1,dhtool2025/full-complete-compressed,,1,group-25
A25_2,25,水素やアンモニア生成時にCO2が発生しており、混合発電はCO2削減に貢献していない。,1_2,2_21,true,920,1,A25_2,dhtool2025/full-complete-compressed,,1,group-25
A25_3,25,再エネで生成した水素やアンモニアを混ぜて発電するよりも、元の再エネを電気として供給した方が良い。,1_3,2_4,true,1042,1,A25_3,dhtool2025/full-complete-compressed,,1,group-25
A25_4,25,水素等は高温が必要なエネルギーのために使うべきで、発電に使うのはもったいない。,1_3,2_58,true,1029,1,A25_4,dhtool2025/full-complete-compressed,,1,group-25
A25_5,25,水素等の混合発電のための研究費、設備費、補助金、人材は再エネ発電に活用してほしい。,1_3,2_58,true,1049,1,A25_5,dhtool2025/full-complete-compressed,,1,group-25
A26_0,26,再生可能エネルギーをもっと増やすべきです。,1_4,2_32,false,1098,5,A38_0,dhtool2025/full-complete-compressed,,1,group-26
A27_0,27,再生エネルギーによる自然破壊のニュースが目立っているため、地域の人のメリットになる形の政策を強化する必要がある。,1_4,2_14,true,676,1,A27_0,dhtool2025/full-complete-compressed,,1,group-27
A27_1,27,系統蓄電池の普及想定が低いため、VREの統合費用が過大に見積もられている可能性がある。,1_4,2_9,true,1181,1,A27_1,dhtool2025/full-complete-compressed,,1,group-27
A27_2,27,SNS上で「再エネは統合費用が高い」という意見が広がっているが、これは正確ではない可能性がある。,1_4,2_0,true,1183,1,A27_2,dhtool2025/full-complete-compressed,,1,group-27
A28_0,28,再生可能エネルギーを増やすべき,1_4,2_32,false,1098,5,A38_0,dhtool2025/full-complete-compressed,,1,group-28
A28_1,28,原発はゼロにすべき,1_8,2_61,true,1148,1,A28_1,dhtool2025/full-complete-compressed,,1,group-28
A29_0,29,原発推進には反対である。,1_8,2_7,false,224,3,A409_0,dhtool2025/full-complete-compressed,,1,group-29
A29_1,29,原発はコスト、リスク、スピードの面であり得ない。,1_5,2_10,true,306,2,A29_1,dhtool2025/full-complete-compressed,,1,group-29
A29_2,29,福島原発事故の損害が未だに支払い切れておらず、被災者や避難者が多く残っている。,1_6,2_19,true,108,1,A29_2,dhtool2025/full-complete-compressed,,1,group-29
A29_3,29,日本海側の原発は外国との緊張関係においてリスクが高い。,1_6,2_50,true,51,1,A29_3,dhtool2025/full-complete-compressed,,1,group-29
A29_4,29,原発建設のコストが電気料金に影響を与える可能性がある。,1_5,2_38,true,261,1,A29_4,dhtool2025/full-complete-compressed,,1,group-29
A29_5,29,原発の建設や運営に伴うCO2排出が大きい。,1_2,2_59,true,917,2,A29_5,dhtool2025/full-complete-compressed,,1,group-29
A29_6,29,ウランの輸入により国益が損なわれている。,1_5,2_36,true,717,1,A29_6,dhtool2025/full-complete-compressed,,1,group-29
A29_7,29,ウラン資源が乏しく、再処理工場や最終処分場が未決定で持続可能性がない。,1_5,2_33,true,718,1,A29_7,dhtool2025/full-complete-compressed,,1,group-29
A29_8,29,事故を起こした原発の放射性廃棄物を海に捨てることは危険である。,1_6,2_6,true,168,1,A29_8,dhtool2025/full-complete-compressed,,1,group-29
A29_9,29,地震大国で新増設する土地が見つからない。,1_6,2_50,true,2,1,A29_9,dhtool2025/full-complete-compressed,,1,group-29
A29_10,29,衰退産業に国が力を注ぐことは許されない。,1_7,2_48,true,604,1,A29_10,dhtool2025/full-complete-compressed,,1,group-29
A29_11,29,再生可能エネルギーは環境面だけでなくコスト面でも原発より優れている。,1_4,2_20,true,1104,1,A29_11,dhtool2025/full-complete-compressed,,1,group-29
A29_12,29,再生可能エネルギーの市場は毎年何百兆円もあり、原発に固執することは遅れを取ることになる。,1_4,2_20,true,1102,1,A29_12,dhtool2025/full-complete-compressed,,1,group-29
A29_13,29,後世に責任を持つために国産国生の再生可能エネルギーに舵を切るべきである。,1_4,2_14,true,1076,1,A29_13,dhtool2025/full-complete-compressed,,1,group-29
A29_14,29,経済界に忖度するべきではなく、原発推進には反対である。,1_8,2_7,true,445,1,A29_14,dhtool2025/full-complete-compressed,,1,group-29
A30_0,30,原発を止めるためには、利権構造を改革する必要がある。,1_8,2_15,true,466,1,A30_0,dhtool2025/full-complete-compressed,,4,group-30
A30_1,30,原発は人間が管理できない代物である。,1_5,2_52,true,460,2,A30_1,dhtool2025/full-complete-compressed,,4,group-30
A31_0,31,原発を推進することはコスト、リスク、スピード面で劣るため反対である。,1_8,2_7,false,306,2,A29_1,dhtool2025/full-complete-compressed,,1,group-31
A31_1,31,再エネはコストが安く、安定的かつ環境面や国益において優れているため、再エネシフトを進めるべきである。,1_1,2_25,true,1295,1,A31_1,dhtool2025/full-complete-compressed,,1,group-31
A31_2,31,原発の新増設や再稼働はリスクしかないため、あり得ない。,1_8,2_23,true,373,2,A31_2,dhtool2025/full-complete-compressed,,1,group-31
A31_3,31,国民の命を守るために、原発推進を支持する経済界の意見に国が力を貸すべきではない。,1_8,2_28,true,446,1,A31_3,dhtool2025/full-complete-compressed,,1,group-31
A32_0,32,気候危機・エネルギー・脱炭素政策の策定において、ELSIの論点を加えた「S+4E」原則への切り替えが必要である。,1_1,2_63,true,1304,1,A32_0,dhtool2025/full-complete-compressed,,1,group-32
A32_1,32,審議会参加者の多様性を確保し、経済的側面以外の価値を取り込む必要がある。,1_7,2_16,true,563,1,A32_1,dhtool2025/full-complete-compressed,,1,group-32
A32_2,32,日本は化石燃料からの転換を進め、再生可能エネルギーの設備容量を2030年に3倍にするべきである。,1_2,2_42,true,976,1,A32_2,dhtool2025/full-complete-compressed,,1,group-32
A32_3,32,日本は国際合意に沿った野心的な温室効果ガス排出削減の国際公約を策定し、1.5℃目標との整合性を明示する必要がある。,1_1,2_12,true,847,1,A32_3,dhtool2025/full-complete-compressed,,1,group-32
A32_4,32,化石燃料・原子力から脱却し、再生可能エネルギー100%転換を目指すエネルギー政策を打ち出すべきである。,1_1,2_25,true,1373,2,A32_4,dhtool2025/full-complete-compressed,,1,group-32
A32_5,32,日本はエネルギー、電力の脱炭素化を加速し、国際競争力を強化する必要がある。,1_2,2_17,true,935,1,A32_5,dhtool2025/full-complete-compressed,,1,group-32
A32_6,32,再生可能エネルギーのポテンシャルを生かすために、技術力・資金・能力を活用することが可能である。,1_4,2_32,true,1107,1,A32_6,dhtool2025/full-complete-compressed,,1,group-32
A33_0,33,第7次エネルギー基本計画（案）に反対する。,1_7,2_47,false,1057,10,A102_0,dhtool2025/full-complete-compressed,,1,group-33
A33_1,33,福島原発事故以降掲げられていた「可能な限り原発依存度を低減」を削除しないでほしい。,1_4,2_13,true,408,1,A33_1,dhtool2025/full-complete-compressed,,1,group-33
A33_2,33,「原子力の最大限活用」に反対する。,1_5,2_30,true,496,1,A33_2,dhtool2025/full-complete-compressed,,1,group-33
A33_3,33,「可能な限り原発依存度を低減」を徹底し、原発ゼロを早く達成すべきである。,1_4,2_13,true,413,2,A33_3,dhtool2025/full-complete-compressed,,1,group-33
A33_4,33,既存原発の最大限活用、六ヶ所再処理の推進、使用済核燃料の中間貯蔵・乾式貯蔵の推進、次世代革新炉によるリプレースの推進に反対する。,1_8,2_46,true,228,2,A33_4,dhtool2025/full-complete-compressed,,1,group-33
A33_5,33,これらの方策は原発の重大事故の危険を高め、住民に危険を押しつけるものである。,1_6,2_27,true,173,1,A33_5,dhtool2025/full-complete-compressed,,1,group-33
A33_6,33,核のごみを増やし続け、貯蔵施設を核のゴミ捨てとし、危険な負の遺産を子孫に押しつけるものである。,1_6,2_49,true,315,1,A33_6,dhtool2025/full-complete-compressed,,1,group-33
A33_7,33,次世代革新炉の巨額で長期にわたる建設資金を回収するため、住民への負担を前提とする資金回収策に反対する。,1_8,2_40,true,744,1,A33_7,dhtool2025/full-complete-compressed,,1,group-33
A33_8,33,資金回収策を具体的に示さず、計画を決めた後に具体化して進めるやり方はしないでほしい。,1_8,2_35,true,732,1,A33_8,dhtool2025/full-complete-compressed,,1,group-33
A34_0,34,災害大国で原発稼働は諸刃の剣である,1_6,2_50,true,30,1,A34_0,dhtool2025/full-complete-compressed,,3,group-34
A34_1,34,福島の原発は向こう100年経っても燃料棒を取り出せない状況である,1_6,2_19,true,150,1,A34_1,dhtool2025/full-complete-compressed,,3,group-34
A34_2,34,人類は原発を管理できない,1_5,2_52,false,460,2,A30_1,dhtool2025/full-complete-compressed,,3,group-34
A35_0,35,原発を維持・新設する方針に反対する。,1_8,2_40,true,220,2,A35_0,dhtool2025/full-complete-compressed,,1,group-35
A35_1,35,日本は資源に乏しいという根拠は不明であり、太陽光発電と蓄電池で十分なエネルギーが得られる。,1_4,2_20,true,1238,1,A35_1,dhtool2025/full-complete-compressed,,1,group-35
A35_2,35,放射性廃棄物を10万年保管できる場所が国内に見つかっておらず、他国が引き取る見込みもないため、原発を維持・新設することは人道に反する。,1_6,2_6,true,348,1,A35_2,dhtool2025/full-complete-compressed,,1,group-35
A35_3,35,地震国日本において、原発の耐震性が一般住宅よりも弱い現状で原発を維持することは危険であり、人道に反する。,1_6,2_50,true,23,1,A35_3,dhtool2025/full-complete-compressed,,1,group-35
A35_4,35,原発は高価な発電方式であり、放射性廃棄物管理コストを考慮すれば、住人に電気料金や税金、放射線被害を押し付ける人道に反する計画である。,1_5,2_24,true,283,1,A35_4,dhtool2025/full-complete-compressed,,1,group-35
A36_0,36,今が地球温暖化の転換点であるため、もっと思い切った政策が必要である。,1_1,2_8,true,832,1,A36_0,dhtool2025/full-complete-compressed,,1,group-36
A36_1,36,再エネの導入や技術向上に力を入れ、高い目標を設定すべきである。,1_1,2_25,true,1286,1,A36_1,dhtool2025/full-complete-compressed,,1,group-36
A36_2,36,最初から低い目標では改革は進まない。,1_1,2_51,true,773,1,A36_2,dhtool2025/full-complete-compressed,,1,group-36
A37_0,37,福島原発事故解決への目処が全く立たない今、原発は人間にとって制御できない物であることを考えるべきである。,1_6,2_1,true,148,1,A37_0,dhtool2025/full-complete-compressed,,1,group-37
A37_1,37,福島原発の廃炉費用の総額が判明しない今、原発は今すぐやめるべきである。,1_5,2_24,false,271,3,A474_1,dhtool2025/full-complete-compressed,,1,group-37
A37_2,37,再生可能エネルギーの低価格化が進む現在、日本も再生可能エネルギーへ大きくシフトするべきである。,1_4,2_32,true,1079,1,A37_2,dhtool2025/full-complete-compressed,,1,group-37
A38_0,38,再生可能エネルギーをもっと増やすべき,1_4,2_32,true,1098,5,A38_0,dhtool2025/full-complete-compressed,,1,group-38
A38_1,38,再生可能エネルギーが足りない,1_4,2_32,true,1092,2,A38_1,dhtool2025/full-complete-compressed,,1,group-38
A39_0,39,原子力発電の推進に反対である。,1_5,2_30,false,223,4,A71_0,dhtool2025/full-complete-compressed,,1,group-39
A39_1,39,福島第一原発事故では多くの人が住まいを失い、帰れない人が多数いる。,1_6,2_19,true,106,2,A39_1,dhtool2025/full-complete-compressed,,1,group-39
A39_2,39,原発の「想定外」の事故が過去に起きており、地震のたびに原発の安全性を心配しなければならない。,1_6,2_57,true,81,1,A39_2,dhtool2025/full-complete-compressed,,1,group-39
A39_3,39,避難計画は役に立たないことが明らかになった。,1_6,2_27,true,194,1,A39_3,dhtool2025/full-complete-compressed,,1,group-39
A39_4,39,原発を稼働すれば大量の放射性廃棄物が出るが、その安全な処理方法は確立されていない。,1_6,2_6,true,352,2,A39_4,dhtool2025/full-complete-compressed,,1,group-39
A39_5,39,再生可能エネルギーの導入をもっと抜本的に強化すべきである。,1_4,2_32,false,1088,2,A259_0,dhtool2025/full-complete-compressed,,1,group-39
A39_6,39,温暖化対策の面からも再生可能エネルギーの導入を強化すべきである。,1_1,2_25,true,1390,1,A39_6,dhtool2025/full-complete-compressed,,1,group-39
A40_0,40,原発推進の政策に戻ることに不安を感じており、絶対にやめてほしい。,1_8,2_7,true,439,1,A40_0,dhtool2025/full-complete-compressed,,1,group-40
A40_1,40,すべての原発を停止・廃炉にすべきである。,1_8,2_15,false,393,3,A417_0,dhtool2025/full-complete-compressed,,1,group-40
A40_2,40,原発はCO₂対策にはならず、建設や燃料調達、廃棄物の保管・処理、廃炉などの過程で大量のCO₂を排出する。,1_2,2_59,false,917,2,A29_5,dhtool2025/full-complete-compressed,,1,group-40
A40_3,40,日常的に放射能をばらまき、海に温排水を垂れ流している。,1_6,2_31,true,694,1,A40_3,dhtool2025/full-complete-compressed,,1,group-40
A40_4,40,福島原発の事故のような事態が再発すれば取り返しのつかないことになる。,1_6,2_1,true,288,1,A40_4,dhtool2025/full-complete-compressed,,1,group-40
A40_5,40,再生可能エネルギーへの研究と投資を増やし、抜本的なCO₂対策を進めるべきである。,1_4,2_14,true,1392,1,A40_5,dhtool2025/full-complete-compressed,,1,group-40
A41_0,41,我が国は再生エネルギーに集中すべきであり、CO2を大量に排出する火力発電を止めるべきである。,1_2,2_17,true,1381,1,A41_0,dhtool2025/full-complete-compressed,,1,group-41
A41_1,41,原発は全廃に向けて努力すべきであり、エネルギー政策は福島第一原発事故の教訓を反映させるべきである。,1_6,2_29,false,128,2,A14_0,dhtool2025/full-complete-compressed,,1,group-41
A41_2,41,原発は安全対策費用や事故時のコストが莫大であり、経済的でも環境に優しくもないため、再生エネルギーの推進が必要である。,1_5,2_10,false,305,3,A139_0,dhtool2025/full-complete-compressed,,1,group-41
A41_3,41,エネルギー基本計画の見直しを行い、再生エネルギーのさらなる推進と原発全廃を目指すべきである。,1_7,2_11,true,1264,2,A41_3,dhtool2025/full-complete-compressed,,1,group-41
A42_0,42,原発依存度を下げる方針から原発を最大限活用する方向に転換することに反対である。,1_5,2_62,true,494,3,A42_0,dhtool2025/full-complete-compressed,,1,group-42
A42_1,42,福島の原発事故の解決が進んでおらず、汚染水の排出が続いている現状を考えると、原発推進には根拠がない。,1_6,2_19,true,143,2,A42_1,dhtool2025/full-complete-compressed,,1,group-42
A42_2,42,原発推進に対して国民として大反対であり、全ての原発は廃炉にするべきである。,1_8,2_7,true,218,2,A42_2,dhtool2025/full-complete-compressed,,1,group-42
A43_0,43,地形的に可能な限り47都道府県に原発を作るべきである。,1_8,2_41,true,420,1,A43_0,dhtool2025/full-complete-compressed,,1,group-43
A43_1,43,原子力発電所は24時間発電でき、火力発電のように燃料輸入に依存しない。,1_5,2_5,true,71,1,A43_1,dhtool2025/full-complete-compressed,,1,group-43
A43_2,43,太陽光発電や風力発電は環境に悪影響を与えるため、原子力発電を推奨する。,1_4,2_22,true,1114,1,A43_2,dhtool2025/full-complete-compressed,,1,group-43
A43_3,43,国立大学に原子力工学科を設立し、研究者が日本で活躍できる場を整えるべきである。,1_5,2_5,true,49,1,A43_3,dhtool2025/full-complete-compressed,,1,group-43
A43_4,43,日本国内の送電を60Hzに統一すべきである。,1_5,2_30,true,1185,1,A43_4,dhtool2025/full-complete-compressed,,1,group-43
A43_5,43,安定した電力供給のためには原子力発電が不可欠である。,1_5,2_5,true,67,1,A43_5,dhtool2025/full-complete-compressed,,1,group-43
A44_0,44,日本の原子力発電方式を原子力空母と同じ方式にすべきである。,1_5,2_5,true,53,1,A44_0,dhtool2025/full-complete-compressed,,1,group-44
A44_1,44,JAIFは原子力空母の安全性について発言している。,1_5,2_52,true,54,1,A44_1,dhtool2025/full-complete-compressed,,1,group-44
A44_2,44,三菱重工が開発している小型の原子力発電機を支援すればエネルギー庁の存在意義を示せる。,1_4,2_9,true,1156,1,A44_2,dhtool2025/full-complete-compressed,,1,group-44
A44_3,44,災害復旧のための原子力発電船の開発が期待できる。,1_4,2_39,true,1164,1,A44_3,dhtool2025/full-complete-compressed,,1,group-44
A44_4,44,自衛隊で災害復旧のための原子力発電船を使用するには博士号を持った人が運用すべきであり、防衛大学校に原子力専攻科を設立すべきである。,1_5,2_5,true,50,1,A44_4,dhtool2025/full-complete-compressed,,1,group-44
A44_5,44,地域活性化のために山口県の上関原発を優先すべきである。,1_8,2_7,true,423,1,A44_5,dhtool2025/full-complete-compressed,,1,group-44
A45_0,45,原発を積極的に活用する方針に強く反対する。,1_8,2_7,false,220,2,A35_0,dhtool2025/full-complete-compressed,,1,group-45
A45_1,45,地震大国日本で原発を利用することは非現実的である。,1_6,2_50,false,21,2,A234_1,dhtool2025/full-complete-compressed,,1,group-45
A45_2,45,福島第一原子力発電所の事故により、国土と海洋が放射性物質で汚染された。,1_6,2_31,true,141,1,A45_2,dhtool2025/full-complete-compressed,,1,group-45
A45_3,45,今後も巨大な地震が繰り返し起きることが分かっているため、放射性物質で国土や海洋を汚染する政策はやめるべきである。,1_6,2_6,true,170,1,A45_3,dhtool2025/full-complete-compressed,,1,group-45
A45_4,45,電力はガス火力発電と再生可能エネルギーで十分にまかなえる。,1_4,2_20,true,1208,1,A45_4,dhtool2025/full-complete-compressed,,1,group-45
A45_5,45,原発関連企業の利権を維持するために国土や市民の健康を危険にさらす政策はやめるべきである。,1_8,2_28,true,462,2,A45_5,dhtool2025/full-complete-compressed,,1,group-45
A45_6,45,原発を乱立させることは防衛の観点からも危険である。,1_8,2_41,true,301,1,A45_6,dhtool2025/full-complete-compressed,,1,group-45
A45_7,45,国土の清浄さや市民の健康を守ることは重要な国益である。,1_8,2_28,true,928,1,A45_7,dhtool2025/full-complete-compressed,,1,group-45
A45_8,45,原発関連企業の一時的な儲けのために国益を損ねる政策はやめるべきである。,1_8,2_35,false,462,2,A45_5,dhtool2025/full-complete-compressed,,1,group-45
A46_0,46,原発は安いとは言えない。コストのかかる発電である。,1_5,2_24,true,280,2,A46_0,dhtool2025/full-complete-compressed,,9,group-46
A46_1,46,原発の発電コストには賠償等が含まれていない。,1_5,2_24,true,279,2,A46_1,dhtool2025/full-complete-compressed,,9,group-46
A46_2,46,国民に聞かれたくない事は報じずに進めるエネルギー政策を見直すべきである。,1_7,2_54,true,1274,1,A46_2,dhtool2025/full-complete-compressed,,9,group-46
A47_0,47,原子力発電は「準国産エネルギー源」とするのは誤りであり、ウランは全面的に輸入に依存しているため、国産とは言えない。,1_5,2_33,true,516,1,A47_0,dhtool2025/full-complete-compressed,,1,group-47
A47_1,47,使用済み核燃料の再処理も外国に依存しているため、原子力発電を国産エネルギーと呼ぶことはできない。,1_5,2_33,true,517,1,A47_1,dhtool2025/full-complete-compressed,,1,group-47
A47_2,47,再生可能エネルギーこそが真の国産エネルギーであり、太陽光・風力・水力・地熱は日本国内で生産できる。,1_4,2_20,true,1239,1,A47_2,dhtool2025/full-complete-compressed,,1,group-47
A47_3,47,エネルギー安全保障は発電に伴う危険性も考慮すべきであり、福島の原発事故は未曾有の被害をもたらした。,1_6,2_57,true,82,1,A47_3,dhtool2025/full-complete-compressed,,1,group-47
A47_4,47,原子力発電にしがみつくことは愚かな選択であり、地震の多い日本では過酷な事故を経験している。,1_6,2_50,true,37,1,A47_4,dhtool2025/full-complete-compressed,,1,group-47
A47_5,47,第7次エネルギー基本計画(案)に強く反対する。,1_7,2_47,false,1057,10,A102_0,dhtool2025/full-complete-compressed,,1,group-47
A47_6,47,原発事故被災者の集団訴訟が1万人を超えており、原発の最大限活用に対する反発が強まっている。,1_6,2_27,true,105,2,A47_6,dhtool2025/full-complete-compressed,,1,group-47
A48_0,48,2012年の環境とエネルギーをめぐる国民的議論では、2030年代に原発ゼロを目指すという結論が出されたが、政権交代によりその方針が白紙に戻された。,1_4,2_44,true,1353,2,A48_0,dhtool2025/full-complete-compressed,,1,group-48
A48_1,48,福井県の原発事故避難計画は、国内避難民を事実上「棄民」扱いするものであり、国際法に反している。,1_6,2_27,true,186,2,A48_1,dhtool2025/full-complete-compressed,,1,group-48
A48_2,48,バイオマス発電は海外の森林破壊や国内外の人権侵害につながるため、ゼロにすべきである。,1_4,2_14,true,681,1,A48_2,dhtool2025/full-complete-compressed,,1,group-48
A49_0,49,火災事故が度重なり、死傷者が出ていることは深刻な問題である。,1_6,2_27,true,210,1,A49_0,dhtool2025/full-complete-compressed,,1,group-49
A49_1,49,木質バイオマス発電は温室効果ガスを石炭より多く排出し、地球温暖化を進めるため、支援をやめるべきである。,1_4,2_14,true,683,1,A49_1,dhtool2025/full-complete-compressed,,1,group-49
A49_2,49,再生可能エネルギーを主力電源とする方針に対し、既存ストックへの支援が不足しているため、住宅用太陽光発電の既存ストックへの対策を行うべきである。,1_4,2_22,true,1237,1,A49_2,dhtool2025/full-complete-compressed,,1,group-49
A49_3,49,小型風力発電についての支援が不足しているため、土地の活用とエネルギーの多様化を進めるべきである。,1_4,2_9,true,1225,1,A49_3,dhtool2025/full-complete-compressed,,1,group-49
A49_4,49,地熱発電に関しては、温泉事業者の不安を解消するために情報共有を進めるべきである。,1_4,2_60,true,1232,1,A49_4,dhtool2025/full-complete-compressed,,1,group-49
A49_5,49,製造業は再生可能エネルギーを使用する必要があり、データセンターや半導体工場も再生可能エネルギーを求めている。,1_4,2_14,true,1310,1,A49_5,dhtool2025/full-complete-compressed,,1,group-49
A49_6,49,原子力発電の新規建設においては、建設費用が膨らむ傾向があるため、再検討が必要である。,1_5,2_38,true,263,1,A49_6,dhtool2025/full-complete-compressed,,1,group-49
A50_0,50,もんじゅの事例では核燃料サイクルが成功していないため、原発推進の理由とするのは難しい。,1_5,2_33,true,372,1,A50_0,dhtool2025/full-complete-compressed,,1,group-50
A51_0,51,再生可能エネルギーの導入目標が低いことは蓄電池ビジネスの課題であり、需給調整市場での落札価格の公表など事業性を確保し、再生可能エネルギーの割合を引き上げるべきである。,1_4,2_14,true,1308,1,A51_0,dhtool2025/full-complete-compressed,,1,group-51
A51_1,51,「原発依存度を可能な限り低減する」という文言の削除は福島第一原発事故の被害者に対する配慮が欠けており、国の最低限のモラルとしてこの文言の維持を求める。,1_4,2_13,true,409,1,A51_1,dhtool2025/full-complete-compressed,,1,group-51
A52_0,52,原発は廃絶すべきである。,1_8,2_15,false,388,4,A21_0,dhtool2025/full-complete-compressed,,1,group-52
A53_0,53,化石・石炭燃料を減らし、再生可能エネルギーを増やすべき,1_2,2_17,true,1378,2,A53_0,dhtool2025/full-complete-compressed,,1,group-53
A54_0,54,原発使用はこれまで通り、低減する方針を続けるべきである。,1_4,2_13,true,475,2,A54_0,dhtool2025/full-complete-compressed,,1,group-54
A54_1,54,原発再稼働や新規建設は控えるべきで、他の自然エネルギーへの転換を求める。,1_4,2_39,true,1383,1,A54_1,dhtool2025/full-complete-compressed,,1,group-54
A56_0,56,使用済みMOX燃料を再処理しても、再利用できるのは1度程度ではないかと思う。,1_6,2_49,true,364,1,A56_0,dhtool2025/full-complete-compressed,,1,group-56
A56_1,56,使用済みMOX燃料の処理については技術的に確立していないと思う。,1_5,2_33,true,365,1,A56_1,dhtool2025/full-complete-compressed,,1,group-56
A56_2,56,再処理利用目的でデータを集めることは無駄なお金と時間を掛けることではないか。,1_5,2_10,true,736,1,A56_2,dhtool2025/full-complete-compressed,,1,group-56
A56_3,56,核のゴミを増やすことは選択肢から外すべきであり、増やしてはいけない段階だと思う。,1_6,2_49,true,317,1,A56_3,dhtool2025/full-complete-compressed,,1,group-56
A56_4,56,脱原発に舵を切り、再エネ普及に全力をかけるべきである。,1_4,2_44,true,504,1,A56_4,dhtool2025/full-complete-compressed,,1,group-56
A57_0,57,福島第一原発事故を経験し、廃炉が目途が立たない中で新たな原発を建造し、電力の主要なエネルギー源にする理屈が理解できない。,1_6,2_29,true,120,1,A57_0,dhtool2025/full-complete-compressed,,1,group-57
A57_1,57,万一、稼働中の原発に地震等で深刻事故が起きた場合、日本の国土の半分が放射能汚染される可能性がある。,1_6,2_31,true,179,1,A57_1,dhtool2025/full-complete-compressed,,1,group-57
A57_2,57,福島第一原発事故による避難者はまだ２万５千人以上おり、彼らが故郷に戻ることは難しい。,1_6,2_19,false,106,2,A39_1,dhtool2025/full-complete-compressed,,1,group-57
A57_3,57,電力会社や行政は、福島第一原発事故による避難者の苦しみに対してどのように責任を取るのか。,1_6,2_29,true,111,1,A57_3,dhtool2025/full-complete-compressed,,1,group-57
A57_4,57,原発発電コストが低廉だというのは、上昇し続ける新設コストや廃炉費用を考慮すれば嘘である。,1_5,2_24,true,281,1,A57_4,dhtool2025/full-complete-compressed,,1,group-57
A57_5,57,再生可能エネルギーを正当に評価すべきである。,1_4,2_32,true,1094,1,A57_5,dhtool2025/full-complete-compressed,,1,group-57
A57_6,57,原発は使用済み核燃料の処分方法が決まっておらず、これ以上使用済み核燃料を生じさせるべきではない。,1_5,2_33,true,369,2,A57_6,dhtool2025/full-complete-compressed,,1,group-57
A57_7,57,原発事故の際の周辺住民の避難路や避難方法が確保されていない。,1_6,2_27,true,188,1,A57_7,dhtool2025/full-complete-compressed,,1,group-57
A57_8,57,原発再稼働や新増設は関係業者や行政の利権のためであると考えられる。,1_8,2_46,true,464,1,A57_8,dhtool2025/full-complete-compressed,,1,group-57
A57_9,57,新たな原発の建造費用を事前に電気料金に上乗せすることは法的に問題があるのではないか。,1_5,2_38,true,262,1,A57_9,dhtool2025/full-complete-compressed,,1,group-57
A57_10,57,インフレで国民が苦しんでいる中、さらにコスト負担を負わせることには絶対反対である。,1_8,2_35,true,600,1,A57_10,dhtool2025/full-complete-compressed,,1,group-57
A58_0,58,原案は原発回帰を鮮明にし、化石燃料の延命策を推進する内容である。,1_4,2_44,true,946,1,A58_0,dhtool2025/full-complete-compressed,,1,group-58
A58_1,58,原発と火力をセットでやめていく方向をとることが重要であり、再エネ100%に向けて早急に政策を転換すべき。,1_4,2_44,true,1374,1,A58_1,dhtool2025/full-complete-compressed,,1,group-58
A58_2,58,原発の安全性、経済性、将来性がないため、原発依存度を低減する表現を見直し、原発ゼロに舵を切るべき。,1_4,2_13,false,413,2,A33_3,dhtool2025/full-complete-compressed,,1,group-58
A58_3,58,再生可能エネルギー導入の明確な目標設定が必要であり、政策策定を行うべき。,1_1,2_25,false,1089,2,A145_0,dhtool2025/full-complete-compressed,,1,group-58
A58_4,58,六ヶ所再処理工場とMOX燃料工場の稼働が不安定であるため、プルサーマルの実施計画は見直し、廃棄すべき。,1_6,2_49,true,484,1,A58_4,dhtool2025/full-complete-compressed,,1,group-58
A58_5,58,休止中の原発の再稼働は許されず、即廃炉を検討すべき。,1_8,2_15,true,391,1,A58_5,dhtool2025/full-complete-compressed,,1,group-58
A58_6,58,運転期間の上限を維持することは廃止し、原則40年上限を守るべき。,1_8,2_41,true,357,1,A58_6,dhtool2025/full-complete-compressed,,1,group-58
A58_7,58,次世代革新炉の開発・設置は即刻やめるべき。,1_8,2_15,true,402,1,A58_7,dhtool2025/full-complete-compressed,,1,group-58
A59_0,59,一般の20代や30代の若者を含めて議論を進めるべき,1_7,2_16,true,560,1,A59_0,dhtool2025/full-complete-compressed,,1,group-59
A59_1,59,子供の未来を真剣に考えて対策をする必要がある,1_1,2_18,true,649,1,A59_1,dhtool2025/full-complete-compressed,,1,group-59
A59_2,59,暑くて外で遊べない未来や昔の食物が育たない未来では少子化が進むと思う,1_1,2_18,true,651,1,A59_2,dhtool2025/full-complete-compressed,,1,group-59
A59_3,59,化石賞は恥ずかしい賞であり、再生可能エネルギーへの乗り換えを早急に進めるべき,1_2,2_17,true,1380,1,A59_3,dhtool2025/full-complete-compressed,,1,group-59
A59_4,59,自然災害の増加を気候変動による人災と考え、2040年までに温室効果ガスを80%削減するような積極的な案を計画すべき,1_1,2_12,true,802,1,A59_4,dhtool2025/full-complete-compressed,,1,group-59
A59_5,59,グリーンウォッシュでは意味がない,1_3,2_4,true,796,1,A59_5,dhtool2025/full-complete-compressed,,1,group-59
A59_6,59,計画段階からがっかりさせないでほしい,1_4,2_44,true,775,1,A59_6,dhtool2025/full-complete-compressed,,1,group-59
A60_0,60,原発はなくても電気は足りる。,1_8,2_61,true,69,1,A60_0,dhtool2025/full-complete-compressed,,1,group-60
A60_1,60,原発のコストは世界的に上昇している。,1_5,2_10,true,308,1,A60_1,dhtool2025/full-complete-compressed,,1,group-60
A60_2,60,原発はCO2排出削減につながらない。,1_2,2_59,true,921,1,A60_2,dhtool2025/full-complete-compressed,,1,group-60
A60_3,60,原発に熱心な国は再エネ導入量が少なく、CO2排出量が減らない。,1_4,2_39,true,1385,1,A60_3,dhtool2025/full-complete-compressed,,1,group-60
A60_4,60,原発を早くやめて、2030年までにCO2排出を減らす取り組みが必要。,1_2,2_42,true,972,1,A60_4,dhtool2025/full-complete-compressed,,1,group-60
A60_5,60,原子力事業では将来の見通しが立たず、撤退する企業が増えている。,1_5,2_30,true,535,1,A60_5,dhtool2025/full-complete-compressed,,1,group-60
A60_6,60,銀行は原発が高コスト、高リスクであるためお金を貸さなくなっている。,1_5,2_10,true,721,1,A60_6,dhtool2025/full-complete-compressed,,1,group-60
A60_7,60,原子力を増やすことは許されない。,1_5,2_30,true,529,2,A60_7,dhtool2025/full-complete-compressed,,1,group-60
A60_8,60,原子力政策の失敗分のコストを国民に払わせるのは不当であり、原発賛成の人が払うべき。,1_8,2_55,true,260,1,A60_8,dhtool2025/full-complete-compressed,,1,group-60
A61_0,61,これ以上原発を作るのはやめるべきです。,1_8,2_15,true,395,1,A61_0,dhtool2025/full-complete-compressed,,1,group-61
A61_1,61,福島原発の事故で日本は大きな痛手を被った。,1_6,2_1,true,102,1,A61_1,dhtool2025/full-complete-compressed,,1,group-61
A61_2,61,原発は危険であり、新設するのはやめるべきです。,1_8,2_41,false,404,2,A330_1,dhtool2025/full-complete-compressed,,1,group-61
A62_0,62,カーボンニュートラル達成の技術的なシナリオは既にできている。,1_2,2_17,true,900,1,A62_0,dhtool2025/full-complete-compressed,,1,group-62
A62_1,62,海岸沿いの水車発電は風力発電の10倍～100倍以上の大容量を持ち、低コスト・短納期・長寿命であり、風力発電や太陽光発電、原発は不要である。,1_4,2_20,true,1220,1,A62_1,dhtool2025/full-complete-compressed,,1,group-62
A62_2,62,日本の凋落の要因として、無駄な見返り発注・補助金、企業の裏金体質、ソフトウエア人材の不足、マスコミの報道自主規制、シンクタンクの実態のない将来像作成が挙げられる。,1_8,2_35,true,614,1,A62_2,dhtool2025/full-complete-compressed,,1,group-62
A62_3,62,ソフトウエアの特許が書ける人材を高給で雇うことが急務である。,1_1,2_18,true,731,1,A62_3,dhtool2025/full-complete-compressed,,1,group-62
A63_0,63,今次エネルギー計画案は脱炭素だけでなく、エネルギー安定供給や経済成長にも配慮したバランスのとれた内容であることが評価されるべきである。,1_7,2_11,true,1257,1,A63_0,dhtool2025/full-complete-compressed,,1,group-63
A63_1,63,2050年カーボンニュートラルを絶対視するあまり、国民生活や企業に過度な圧迫を加えないよう慎重な配慮が必要である。,1_1,2_51,true,894,1,A63_1,dhtool2025/full-complete-compressed,,1,group-63
A63_2,63,サプライチェーンの安全保障に関しては、半導体と蓄電池産業以外の人材選定や計画に安全保障的観点が欠けていることは問題であり、行政の責務として安全保障に配慮した計画が求められる。,1_5,2_30,true,729,1,A63_2,dhtool2025/full-complete-compressed,,1,group-63
A63_3,63,計画全体に対して人材選定や立案、サプライチェーンに安全保障が十分に配慮されることが必要である。,1_8,2_35,true,730,1,A63_3,dhtool2025/full-complete-compressed,,1,group-63
A63_4,63,我が国の取り組みを国際会議で積極的に発信し、理解を求めることは政府の責務である。,1_7,2_45,true,570,1,A63_4,dhtool2025/full-complete-compressed,,1,group-63
A63_5,63,国際社会からの要望に対しては、主権国家として堂々と反論することが政府の国民に対する責務である。,1_7,2_45,true,572,1,A63_5,dhtool2025/full-complete-compressed,,1,group-63
A63_6,63,国際社会に対する積極的な発信と過度な要望に対する反論が、日本の国際的地位を明確にするために重要である。,1_7,2_45,true,571,1,A63_6,dhtool2025/full-complete-compressed,,1,group-63
A64_0,64,2040年の目標に向けて、再生可能エネルギーを増やすべきである。,1_1,2_51,true,1362,2,A64_0,dhtool2025/full-complete-compressed,,1,group-64
A64_1,64,温室効果ガス削減目標を引き上げるべきである。,1_1,2_12,false,799,2,A23_4,dhtool2025/full-complete-compressed,,1,group-64
A64_2,64,地球環境が喫緊な状態であるため、今ここで動かないと後戻りできない。,1_1,2_18,true,655,1,A64_2,dhtool2025/full-complete-compressed,,1,group-64
A65_0,65,気候変動の影響に怯えており、現状の計画に絶望を感じている。,1_1,2_8,true,829,1,A65_0,dhtool2025/full-complete-compressed,,1,group-65
A65_1,65,2035年までに温室効果ガスを60%削減する計画では、地球の気温上昇を1.5度に抑えることができない。,1_1,2_12,false,797,3,A129_2,dhtool2025/full-complete-compressed,,1,group-65
A65_2,65,世界全体で必要な排出削減率は66%以上であり、先進国としては70から80%削減の野心的な目標を掲げるべき。,1_1,2_12,true,810,1,A65_2,dhtool2025/full-complete-compressed,,1,group-65
A65_3,65,原発への回帰を望んでいる国民はほとんどいないと思われるため、現実的な方針を示すべき。,1_8,2_7,true,432,1,A65_3,dhtool2025/full-complete-compressed,,1,group-65
A66_0,66,高レベル放射性廃棄物の最終処分に向けた取組の抜本強化が求められるが、具体的な実行方法や実行時期が示されていないのは問題である。,1_6,2_6,true,330,1,A66_0,dhtool2025/full-complete-compressed,,1,group-66
A66_1,66,曖昧な状況で原子力発電所を稼働させることは将来世代に対して無責任であり、エネルギー基本計画から原子力を削除すべきである。,1_7,2_11,true,1262,1,A66_1,dhtool2025/full-complete-compressed,,1,group-66
A67_0,67,原発は「クリーン」「経済的」でないことは明らかである。,1_5,2_36,true,295,1,A67_0,dhtool2025/full-complete-compressed,,1,group-67
A67_1,67,政府（自民党）が短絡的に原発の増設計画を進めることは、この国の未来を台無しにする行為である。,1_8,2_35,true,449,1,A67_1,dhtool2025/full-complete-compressed,,1,group-67
A67_2,67,原発政策を直ちに止めるべきであり、政治家や企業は環境や生活を破壊してきた責任を取るべきである。,1_8,2_28,true,463,1,A67_2,dhtool2025/full-complete-compressed,,1,group-67
A68_0,68,再生可能エネルギーを最優先にする計画案が広く伝わったことを嬉しく思う,1_4,2_32,true,1091,1,A68_0,dhtool2025/full-complete-compressed,,1,group-68
A68_1,68,日本の再エネ目標を達成し、竹の消費プロジェクトのバイオマス発電推進を計画に明示してほしい,1_1,2_25,true,672,1,A68_1,dhtool2025/full-complete-compressed,,1,group-68
A68_2,68,放置竹やぶ問題を改善し、国産資源でエネルギーの安心を確保し、地方経済を活性化させるべき,1_1,2_25,true,675,1,A68_2,dhtool2025/full-complete-compressed,,1,group-68
A68_3,68,竹の消費プロジェクトではバイオマス発電への支持を呼びかけている,1_1,2_25,true,673,1,A68_3,dhtool2025/full-complete-compressed,,1,group-68
A68_4,68,政府の支援を要望し、エネルギー基本計画に竹の消費プロジェクトの内容を明示してほしい,1_7,2_11,true,674,1,A68_4,dhtool2025/full-complete-compressed,,1,group-68
A69_0,69,原発依存度を可能な限り低減することが世界の将来に対する責務である。,1_4,2_13,true,414,1,A69_0,dhtool2025/full-complete-compressed,,1,group-69
A69_1,69,福島第一原発事故から、原発事故は防げないことが明白であり、テロによる電源喪失の脆弱性も学んだ。,1_6,2_29,true,118,1,A69_1,dhtool2025/full-complete-compressed,,1,group-69
A69_2,69,原発には経済的なメリットがなく、国家の壊滅や地球規模の深刻な被害をもたらす存在は容認できない。,1_5,2_10,true,293,1,A69_2,dhtool2025/full-complete-compressed,,1,group-69
A69_3,69,電力需要が増えるとの推計は信憑性に欠け、火力・水力発電の稼働率を上げることで電力不足に対応できる。,1_4,2_0,true,1201,1,A69_3,dhtool2025/full-complete-compressed,,1,group-69
A69_4,69,化石燃料以外の低コスト新燃料の普及や波力発電・シェールガス利用の方が優先度が高い。,1_2,2_17,true,1215,1,A69_4,dhtool2025/full-complete-compressed,,1,group-69
A69_5,69,原発維持リスクを抱える正当な理由はない。,1_5,2_52,true,74,1,A69_5,dhtool2025/full-complete-compressed,,1,group-69
A70_0,70,原子力発電所の活用は速やかに中止すべきである。,1_5,2_30,true,525,2,A70_0,dhtool2025/full-complete-compressed,,1,group-70
A70_1,70,原発の安全面は確保されておらず、地震のリスクが高い。,1_6,2_57,true,72,2,A70_1,dhtool2025/full-complete-compressed,,1,group-70
A70_2,70,原発のコスト推計は非現実的であり、実際の建設費用や廃炉費用は不明である。,1_5,2_24,true,282,1,A70_2,dhtool2025/full-complete-compressed,,1,group-70
A70_3,70,核燃料サイクルは破綻しており、経済戦略としても悪手である。,1_5,2_33,true,358,2,A70_3,dhtool2025/full-complete-compressed,,1,group-70
A70_4,70,原子力発電は多くの人々に被曝を強いる非人道的な側面がある。,1_6,2_57,true,175,1,A70_4,dhtool2025/full-complete-compressed,,1,group-70
A71_0,71,原子力を推進することには反対である。,1_5,2_30,true,223,4,A71_0,dhtool2025/full-complete-compressed,,1,group-71
A71_1,71,原子力は事故が起きた際に甚大な影響を及ぼすため避けるべきである。,1_6,2_57,true,35,1,A71_1,dhtool2025/full-complete-compressed,,1,group-71
A71_2,71,福島第一原発事故の影響が未だに続いており、被災者への対応が不十分である。,1_6,2_19,true,109,1,A71_2,dhtool2025/full-complete-compressed,,1,group-71
A71_3,71,原子力の継続は人為的ミスが許されないため不可能である。,1_5,2_5,true,531,1,A71_3,dhtool2025/full-complete-compressed,,1,group-71
A71_4,71,想定外の複合災害において原子力災害は地域住民を見捨てる可能性がある。,1_6,2_31,true,171,1,A71_4,dhtool2025/full-complete-compressed,,1,group-71
A71_5,71,核拡散と安全保障の観点から原子力は進めるべきでない。,1_5,2_52,false,88,2,A4_0,dhtool2025/full-complete-compressed,,1,group-71
A71_6,71,日本が原子力エネルギーを推進することは核兵器の脅威を避ける動きに逆行する。,1_5,2_30,true,447,1,A71_6,dhtool2025/full-complete-compressed,,1,group-71
A71_7,71,放射性物質の管理は未来の世代に負担をかけるべきではない。,1_6,2_6,true,333,1,A71_7,dhtool2025/full-complete-compressed,,1,group-71
A71_8,71,核燃料サイクルの実施は無駄な出費であり、事故を招く可能性がある。,1_5,2_33,false,358,2,A70_3,dhtool2025/full-complete-compressed,,1,group-71
A71_9,71,電力需要増加ありきのエネルギー政策ではなく、人や国土を守ることを考えるべきである。,1_4,2_0,true,1342,1,A71_9,dhtool2025/full-complete-compressed,,1,group-71
A72_0,72,原子力発電の活用はやめるべきである。,1_5,2_30,false,525,2,A70_0,dhtool2025/full-complete-compressed,,1,group-72
A72_1,72,日本は地震大国であり、地震による原発事故の危険性を下げられない。,1_6,2_50,true,16,2,A72_1,dhtool2025/full-complete-compressed,,1,group-72
A72_2,72,原発は日本海側に多く立地しており、防衛上の問題がある。,1_8,2_41,true,52,1,A72_2,dhtool2025/full-complete-compressed,,1,group-72
A72_3,72,核のゴミの安全な処分方法が確立されていないため、原発を増やすことは将来の負債を残すことになる。,1_6,2_49,true,343,1,A72_3,dhtool2025/full-complete-compressed,,1,group-72
A73_0,73,「エネ基案」や「温対計画案」の決定プロセスに市民が参加する場がほとんどないことは問題である。,1_7,2_16,true,549,2,A73_0,dhtool2025/full-complete-compressed,,1,group-73
A73_1,73,原発推進や化石燃料維持を支持する委員が多数派の会議だけで決められていることは問題である。,1_7,2_47,true,1282,1,A73_1,dhtool2025/full-complete-compressed,,1,group-73
A73_2,73,Fridays For FutureのようにCOPに参加している若者たちが会議に参加するよう、会議運営の見直しを要請すべきである。,1_7,2_16,true,562,1,A73_2,dhtool2025/full-complete-compressed,,1,group-73
A74_0,74,日本の化石燃料の利用がエネルギー市場での競争力の低いガスプロジェクトを延命させ、オーストラリアの脱炭素化を妨げている。,1_2,2_17,true,934,2,A74_0,dhtool2025/full-complete-compressed,,1,group-74
A74_1,74,化石燃料への資金援助を停止し、再生可能エネルギーを普及させることで、日本とオーストラリアは脱炭素化の恩恵を受けられる。,1_2,2_17,false,934,2,A74_0,dhtool2025/full-complete-compressed,,1,group-74
A75_0,75,原発推進に反対であり、想定以上の災害や人的ミスが起こる可能性があるため、原発の停止を求めるべきである。,1_8,2_41,true,12,1,A75_0,dhtool2025/full-complete-compressed,,1,group-75
A75_1,75,核のゴミ問題は不透明であり、早急な原発停止が必要である。,1_6,2_49,true,318,1,A75_1,dhtool2025/full-complete-compressed,,1,group-75
A75_2,75,原子力についての教育を推進することは問題であり、特に「原発は安全である」という教材が使用されることは大きな問題である。,1_5,2_5,true,89,1,A75_2,dhtool2025/full-complete-compressed,,1,group-75
A75_3,75,学校現場での混乱や教師間の分断が生じる可能性があり、国の一部の方々の押し付けをやめてほしい。,1_1,2_18,true,787,1,A75_3,dhtool2025/full-complete-compressed,,1,group-75
A76_0,76,第７次エネルギー基本計画案は認められない。,1_7,2_47,true,1066,4,A76_0,dhtool2025/full-complete-compressed,,1,group-76
A76_1,76,ＧＸ２０４０ビジョンは案の段階であり、国民の意見を聞いている最中に決定事項のように書くのは国民を惑わす。,1_7,2_54,true,591,1,A76_1,dhtool2025/full-complete-compressed,,1,group-76
A76_2,76,ＡＬＰＳ処理水の放出は環境中へ放出して処分すべきではない。,1_6,2_6,true,695,1,A76_2,dhtool2025/full-complete-compressed,,1,group-76
A76_3,76,管理怠慢の結果としての核災害で生じた放射性廃棄物を意図的に環境中に放出するのは地域のブランド価値を毀損する行為である。,1_6,2_31,true,180,1,A76_3,dhtool2025/full-complete-compressed,,1,group-76
A76_4,76,除染で生じた土壌は放射性固体廃棄物であり、拡散・再利用すべきではない。,1_6,2_6,true,335,1,A76_4,dhtool2025/full-complete-compressed,,1,group-76
A76_5,76,原発は利用すべきではない。,1_8,2_61,true,379,2,A76_5,dhtool2025/full-complete-compressed,,1,group-76
A76_6,76,原発の利用は国土や将来を大きなリスクに晒す選択である。,1_5,2_10,true,77,1,A76_6,dhtool2025/full-complete-compressed,,1,group-76
A76_7,76,電気料金の安さを取り上げるのは不公平であり、国民を惑わす行為である。,1_8,2_55,true,243,1,A76_7,dhtool2025/full-complete-compressed,,1,group-76
A76_8,76,原発は安くない。核災害が起きた場合の費用負担を考慮すべきである。,1_5,2_24,true,277,1,A76_8,dhtool2025/full-complete-compressed,,1,group-76
A76_9,76,国民とのコミュニケーションが不足しており、全国民が参加できる公聴会を開催すべきである。,1_7,2_45,true,575,1,A76_9,dhtool2025/full-complete-compressed,,1,group-76
A76_10,76,本案は白紙撤回し、案を練り上げる段階からやり直すべきである。,1_7,2_48,true,741,1,A76_10,dhtool2025/full-complete-compressed,,1,group-76
A77_0,77,天然ガスへの燃料転換は脱炭素化に向けた取組ではなく、移行期における一時的な対策として位置付けるべきである。,1_2,2_43,true,944,2,A77_0,dhtool2025/full-complete-compressed,,1,group-77
A77_1,77,カーボンニュートラル実現及びグリーンエネルギー中心への転換は、気候変動によって人々が危機に陥るのを防ぐためであることを明記すべきである。,1_1,2_51,true,823,1,A77_1,dhtool2025/full-complete-compressed,,1,group-77
A77_2,77,計画書案では削減目標のみが根拠として示されており、各種取組実施の本質的な必要性が十分に示されていない。,1_1,2_53,true,754,1,A77_2,dhtool2025/full-complete-compressed,,1,group-77
A77_3,77,エネルギーの脱炭素化による国民負担の増加や発電コストの抑制に関する言及が多い一方で、国民の暮らしや命が気候変動から守られるという観点が抜け落ちている。,1_2,2_43,true,929,1,A77_3,dhtool2025/full-complete-compressed,,1,group-77
A77_4,77,特に、p80の14~20行目の記載の再考を求める。,1_4,2_44,true,698,1,A77_4,dhtool2025/full-complete-compressed,,1,group-77
A78_0,78,エネルギー輸入費用低減のために、既存発電所の効率化、原発の再稼働、再生可能エネルギーの拡大、製品・部品の国産化を進めるべきである。,1_4,2_14,true,1334,1,A78_0,dhtool2025/full-complete-compressed,,1,group-78
A78_1,78,国内で眠っているメタンハイドレートや石炭の活用を推進する必要がある。,1_2,2_17,true,1324,1,A78_1,dhtool2025/full-complete-compressed,,1,group-78
A79_0,79,第7次エネルギー基本計画に反対である。,1_7,2_47,false,1057,10,A102_0,dhtool2025/full-complete-compressed,,1,group-79
A79_1,79,原発依存度を下げる方針を削除したことに疑問を感じる。,1_4,2_13,false,418,3,A116_0,dhtool2025/full-complete-compressed,,1,group-79
A79_2,79,福島原発事故は未解決であり、汚染水の問題が続いているのに原発に頼る方針を出すのは理解できない。,1_6,2_19,false,143,2,A42_1,dhtool2025/full-complete-compressed,,1,group-79
A79_3,79,電気代を下げるために原発に頼るのは間違いであり、政府は消費税を一時的にでも無くして景気を良くする政策を取るべき。,1_8,2_55,true,454,1,A79_3,dhtool2025/full-complete-compressed,,1,group-79
A79_4,79,政府は国民の生活を守るためにお金の流れをコントロールする責任がある。,1_8,2_35,true,624,1,A79_4,dhtool2025/full-complete-compressed,,1,group-79
A79_5,79,不景気なら政府が策を取るべきであり、現在の対応は仕事を放棄している。,1_8,2_35,true,631,1,A79_5,dhtool2025/full-complete-compressed,,1,group-79
A79_6,79,消費税が減ると財源が減るというが、軍事費は何を財源にしているのか。,1_8,2_35,true,601,1,A79_6,dhtool2025/full-complete-compressed,,1,group-79
A79_7,79,再生可能エネルギーの開発を進め、予算を増やすべき。,1_4,2_32,false,1096,3,A102_6,dhtool2025/full-complete-compressed,,1,group-79
A79_8,79,太陽光パネルの劣化後の有害なゴミ問題があるため、他の再生可能エネルギーを優先すべき。,1_4,2_22,true,1111,1,A79_8,dhtool2025/full-complete-compressed,,1,group-79
A79_9,79,火力発電を使用しつつ、原発事故の危険性を他国に説明する必要がある。,1_6,2_57,true,84,1,A79_9,dhtool2025/full-complete-compressed,,1,group-79
A79_10,79,原発に頼らないエネルギー案を希望するため、第7次エネルギー基本計画に反対である。,1_7,2_47,false,1057,10,A102_0,dhtool2025/full-complete-compressed,,1,group-79
A80_0,80,エネルギー基本計画や温暖化対策計画案の委員に原発推進や化石燃料維持を支持する者が多数いることは問題である。,1_7,2_47,true,1281,2,A80_0,dhtool2025/full-complete-compressed,,1,group-80
A80_1,80,委員のジェンダーや年齢に偏りがあり、特に女性や若者の意見が少ないことが問題である。,1_7,2_16,true,559,1,A80_1,dhtool2025/full-complete-compressed,,1,group-80
A80_2,80,気候変動の影響を受ける若者や多様な立場の専門家、環境団体を策定プロセスに加える必要がある。,1_7,2_16,true,552,2,A80_2,dhtool2025/full-complete-compressed,,1,group-80
A80_3,80,市民の参加が意見箱やパブコメに限られている現状は問題であり、国会での議論が必要である。,1_7,2_16,true,548,3,A80_3,dhtool2025/full-complete-compressed,,1,group-80
A80_4,80,エネルギーや気候変動対策についての計画は全ての国民に影響を与えるため、内容や議論の論点を国民にわかりやすく伝え、民主的で透明性の高い議論を行うべきである。,1_7,2_54,true,1267,2,A80_4,dhtool2025/full-complete-compressed,,1,group-80
A81_0,81,現在の第７次エネルギー基本計画に対して大幅な見直しを求めるべきである。,1_7,2_47,true,1060,3,A81_0,dhtool2025/full-complete-compressed,,1,group-81
A81_1,81,石炭火力発電の維持や再エネに対する消極的な姿勢に対して国民として不安を感じる。,1_2,2_3,true,930,1,A81_1,dhtool2025/full-complete-compressed,,1,group-81
A81_2,81,石炭火力および天然ガスからの脱却を早急に進めるべきである。,1_2,2_43,true,872,1,A81_2,dhtool2025/full-complete-compressed,,1,group-81
A81_3,81,水素エネルギーの利用について賛同できない。,1_3,2_58,true,1030,1,A81_3,dhtool2025/full-complete-compressed,,1,group-81
A81_4,81,再エネを推進する方が効率的である。,1_1,2_25,true,1294,1,A81_4,dhtool2025/full-complete-compressed,,1,group-81
A81_5,81,国際情勢が不安定な中で化石燃料に依存することは不安が大きい。,1_2,2_17,true,889,1,A81_5,dhtool2025/full-complete-compressed,,1,group-81
A81_6,81,太陽光や風力などの自然エネルギーを利用することで、諸外国に依存せずに電力供給が可能である。,1_4,2_20,true,1241,1,A81_6,dhtool2025/full-complete-compressed,,1,group-81
A81_7,81,再生可能エネルギーを主力とした計画への見直しを求める。,1_4,2_32,false,1090,2,A98_0,dhtool2025/full-complete-compressed,,1,group-81
A82_0,82,パリ協定に則った排出量削減目標になっておらず、先進国としての責任を放棄している計画である。,1_1,2_12,true,687,1,A82_0,dhtool2025/full-complete-compressed,,1,group-82
A82_1,82,気候変動の影響にさらされる子ども達や将来世代への公平性に欠けている。,1_1,2_18,true,828,1,A82_1,dhtool2025/full-complete-compressed,,1,group-82
A82_2,82,気候変動に対する対策を迅速に行うことが国策としてあるべき姿である。,1_1,2_8,true,834,1,A82_2,dhtool2025/full-complete-compressed,,1,group-82
A83_0,83,再エネを主力電源として最大限導入するために、意思決定のプロセスや会議に再エネ推進に前向きな立場の専門家をもっと配置すべきである。,1_1,2_25,true,1289,1,A83_0,dhtool2025/full-complete-compressed,,1,group-83
A84_0,84,気候変動に対する危機感を持っており、1.5度目標を守ることが私たちの命や暮らしを守るために絶対に必要だと思う。,1_1,2_12,true,821,1,A84_0,dhtool2025/full-complete-compressed,,1,group-84
A84_1,84,現在のNDCでは日本の責任・能力を踏まえると1.5度目標に整合していない。,1_1,2_12,true,839,1,A84_1,dhtool2025/full-complete-compressed,,1,group-84
A84_2,84,2035年目標では2013年比で60%削減が示されているが、これは2019年比で51%にとどまり、IPCCが求める1.5度整合に大きく下回っている。,1_1,2_12,true,808,1,A84_2,dhtool2025/full-complete-compressed,,1,group-84
A84_3,84,最低限でも2013年度比で66%減が必要であり、本来の日本の責任・能力を考慮すれば81%削減が必要というデータがある。,1_1,2_12,true,813,1,A84_3,dhtool2025/full-complete-compressed,,1,group-84
A84_4,84,目標の引き上げを求める。,1_1,2_53,true,772,1,A84_4,dhtool2025/full-complete-compressed,,1,group-84
A85_0,85,本エネルギー基本計画（案）は「原発拡大・化石燃料維持・再エネ伸ばせない」という内容であることに対して反対である。,1_7,2_11,false,1263,2,A16_2,dhtool2025/full-complete-compressed,,1,group-85
A85_1,85,「原発廃止・化石燃料からの脱却・再エネ拡大」の立場を支持する。,1_4,2_44,true,947,1,A85_1,dhtool2025/full-complete-compressed,,1,group-85
A85_2,85,本エネルギー基本計画（案）を再考してほしい。,1_7,2_47,true,1059,2,A85_2,dhtool2025/full-complete-compressed,,1,group-85
A86_0,86,気候危機を解決し、命を育む一次産業を守り、子どもたちの未来を守りたい,1_1,2_18,true,650,1,A86_0,dhtool2025/full-complete-compressed,,1,group-86
A86_1,86,エネルギー基本計画の審議プロセスに多様な立場の人を参加させるべき,1_7,2_16,true,1276,3,A86_1,dhtool2025/full-complete-compressed,,1,group-86
A86_2,86,透明なプロセスで民主的な議論を行うべき,1_7,2_54,false,547,4,A126_3,dhtool2025/full-complete-compressed,,1,group-86
A86_3,86,原発の新設は経済的合理性から脱却すべき,1_8,2_40,true,294,1,A86_3,dhtool2025/full-complete-compressed,,1,group-86
A86_4,86,原発に投入する資金を再エネへの投資や地域分散型の供給システムに充てるべき,1_4,2_0,true,507,1,A86_4,dhtool2025/full-complete-compressed,,1,group-86
A86_5,86,2035年の削減目標60%は低すぎる,1_1,2_12,true,809,1,A86_5,dhtool2025/full-complete-compressed,,1,group-86
A86_6,86,日本は世界の脱炭素化をリードすべき,1_2,2_43,true,936,1,A86_6,dhtool2025/full-complete-compressed,,1,group-86
A86_7,86,削減目標はより野心的な数値を掲げるべき,1_1,2_12,true,806,1,A86_7,dhtool2025/full-complete-compressed,,1,group-86
A86_8,86,2050年カーボンニュートラルへの直線的な削減プロセスでは温度上昇を1.5度に止められない,1_2,2_43,true,895,1,A86_8,dhtool2025/full-complete-compressed,,1,group-86
A86_9,86,新築の断熱気密性性能の基準を高めるべき,1_1,2_53,true,816,3,A86_9,dhtool2025/full-complete-compressed,,1,group-86
A86_10,86,既築の住宅や建物の断熱気密性改善に補助金を支給すべき,1_1,2_53,true,817,1,A86_10,dhtool2025/full-complete-compressed,,1,group-86
A86_11,86,学校の断熱義務化を行うべき,1_1,2_63,true,788,1,A86_11,dhtool2025/full-complete-compressed,,1,group-86
A87_0,87,政府のInnovationに対する取り組みは遅れており、再エネの取り組みにおいても我が国は欧州と比べて遅れている。,1_1,2_25,true,851,2,A87_0,dhtool2025/full-complete-compressed,,1,group-87
A87_1,87,原発を重要電源に設定していることが再エネの取り組みを遅らせているのではないか。,1_4,2_39,true,499,2,A87_1,dhtool2025/full-complete-compressed,,1,group-87
A87_2,87,原子力は早急に電源としての役割を終える方向に持って行くべきである。,1_5,2_62,false,524,2,A101_2,dhtool2025/full-complete-compressed,,1,group-87
A87_3,87,核燃料サイクルは既に限界であり、無駄な税金の投資は辞めるべきである。,1_5,2_33,true,359,1,A87_3,dhtool2025/full-complete-compressed,,1,group-87
A87_3,101,核燃料サイクルは既に限界であり、無駄な税金の投資は辞めるべきである。,1_5,2_33,true,359,1,A87_3,dhtool2025/full-complete-compressed,,1,group-101
A87_4,87,核廃棄物の処理は重要な問題であり、原発利用の議論が活発である一方で、核廃棄物処理に対する議論が不足している。,1_6,2_49,true,322,2,A87_4,dhtool2025/full-complete-compressed,,1,group-87
A87_5,87,従来の原発利用ありきの姿勢は正されなければならない。,1_5,2_30,true,151,1,A87_5,dhtool2025/full-complete-compressed,,1,group-87
A88_0,88,地震大国に原発は必要ない,1_6,2_50,true,20,2,A88_0,dhtool2025/full-complete-compressed,,1,group-88
A88_1,88,断層の解明など不安定な要素が多い,1_5,2_52,true,765,1,A88_1,dhtool2025/full-complete-compressed,,1,group-88
A88_2,88,核廃棄物の処理方法が問題である,1_6,2_49,true,319,1,A88_2,dhtool2025/full-complete-compressed,,1,group-88
A88_3,88,未来世代への責任を考えるべきである,1_1,2_18,true,653,2,A88_3,dhtool2025/full-complete-compressed,,1,group-88
A88_4,88,原発の建設期間が長く、完成に時間がかかる,1_8,2_41,true,492,1,A88_4,dhtool2025/full-complete-compressed,,1,group-88
A89_0,89,「エネ基案」の決定プロセスに市民が参加する場がほとんどないのは問題である。,1_7,2_16,false,549,2,A73_0,dhtool2025/full-complete-compressed,,1,group-89
A89_1,89,審議会での議論や意思決定に多様な立場の専門家や市民が参加できるようにすべきである。,1_7,2_16,false,556,4,A300_2,dhtool2025/full-complete-compressed,,1,group-89
A89_2,89,民主的で透明なプロセスによる「国民的議論」を行うべきである。,1_7,2_54,false,547,4,A126_3,dhtool2025/full-complete-compressed,,1,group-89
A90_0,90,「2035年までに温室効果ガス60%削減（2013年比）」は低すぎる目標である。,1_1,2_12,false,798,5,A182_2,dhtool2025/full-complete-compressed,,1,group-90
A90_1,90,日本は70～80%削減の野心的な目標を掲げるべきである。,1_1,2_12,false,803,3,A127_1,dhtool2025/full-complete-compressed,,1,group-90
A91_0,91,「原発依存度の低減」を削除せず維持すべき,1_4,2_13,false,416,3,A182_3,dhtool2025/full-complete-compressed,,1,group-91
A91_1,91,地震の多い日本で、万一事故が起こった際の避難計画や廃棄物の処理方法が不十分なまま「最大限活用」はありえない,1_6,2_50,true,726,2,A91_1,dhtool2025/full-complete-compressed,,1,group-91
A91_2,91,数兆円のコストをかけて新増設やリプレースしても、気候変動対策としては間に合わない,1_1,2_8,true,713,2,A91_2,dhtool2025/full-complete-compressed,,1,group-91
A92_0,92,日本は化石燃料からの脱却をできる限り早く進めるべきである。,1_2,2_43,true,871,2,A92_0,dhtool2025/full-complete-compressed,,1,group-92
A92_1,92,ゼロエミ火力は高コストで実用化まで時間がかかりすぎるため、再エネや省エネに投資してエネルギー自給率を高めるべきである。,1_4,2_9,false,1146,3,A182_6,dhtool2025/full-complete-compressed,,1,group-92
A93_0,93,再生可能エネルギーと省エネを最優先で拡大すべきである。,1_4,2_32,true,1093,2,A93_0,dhtool2025/full-complete-compressed,,1,group-93
A93_1,93,地球の気温上昇を1.5度に抑えるために、再生可能エネルギーを3倍に拡大する計画を策定すべきである。,1_1,2_51,true,1388,1,A93_1,dhtool2025/full-complete-compressed,,1,group-93
A93_2,93,省エネを進めるために、建物の断熱基準を強化すべきである。,1_1,2_53,false,815,3,A182_8,dhtool2025/full-complete-compressed,,1,group-93
A94_0,94,日本の2035年の温室効果ガス削減目標は、2019年比で49%削減ではなく、66%削減が必要である。,1_1,2_12,true,800,2,A94_0,dhtool2025/full-complete-compressed,,1,group-94
A94_1,94,日本は気候変動対策をリードする責任があり、2035年の削減目標を81%（2013年比）に変更すべきである。,1_1,2_12,true,812,2,A94_1,dhtool2025/full-complete-compressed,,1,group-94
A95_0,95,「エネルギー基本計画」の策定プロセスに多様な立場の専門家や環境団体を加えるべきである。,1_7,2_16,false,1276,3,A86_1,dhtool2025/full-complete-compressed,,1,group-95
A95_1,95,市民の参加を意見箱やパブコメに限らず、国会での議論を行い、民主的で透明性の高い議論を進めるべきである。,1_7,2_54,false,548,3,A80_3,dhtool2025/full-complete-compressed,,1,group-95
A96_0,96,「原発依存度の低減」という方針を削除すべきではない。,1_4,2_13,true,410,3,A96_0,dhtool2025/full-complete-compressed,,1,group-96
A96_1,96,原発を推進することには非常に大きいリスクがあり、万一事故が起こった際の周辺住民の避難計画は十分に整備されていない。,1_6,2_27,true,189,1,A96_1,dhtool2025/full-complete-compressed,,1,group-96
A96_2,96,原発の維持費や建設費は高騰し続けており、経済的に見てもコストが高い。,1_5,2_38,false,305,3,A139_0,dhtool2025/full-complete-compressed,,1,group-96
A96_3,96,新増設やリプレースには莫大なコストがかかり、その間の気候変動対策を遅らせる。,1_1,2_8,true,714,1,A96_3,dhtool2025/full-complete-compressed,,1,group-96
A96_4,96,原発はトラブルが頻発し、安定した電源とは言えない。,1_5,2_52,true,64,2,A96_4,dhtool2025/full-complete-compressed,,1,group-96
A97_0,97,気候危機を止めるため、できる限り早く化石燃料から脱却すべきである。,1_2,2_43,true,870,2,A97_0,dhtool2025/full-complete-compressed,,1,group-97
A97_1,97,日本は高コストで環境・社会への悪影響が懸念される新技術に頼るのではなく、化石燃料からの脱却を進めるべきである。,1_2,2_17,true,880,1,A97_1,dhtool2025/full-complete-compressed,,1,group-97
A97_2,97,貿易収支の改善やエネルギー自給率の観点からも、日本は化石燃料からの脱却が必要である。,1_2,2_17,true,879,2,A97_2,dhtool2025/full-complete-compressed,,1,group-97
A98_0,98,再生可能エネルギーを3倍に拡大する計画を策定すべき,1_4,2_32,true,1090,2,A98_0,dhtool2025/full-complete-compressed,,1,group-98
A98_0,182,再生可能エネルギーを3倍に拡大する計画を策定すべき,1_4,2_32,true,1090,2,A98_0,dhtool2025/full-complete-compressed,,1,group-182
A98_0,399,再生可能エネルギーを3倍に拡大する計画を策定すべき,1_4,2_32,true,1090,2,A98_0,dhtool2025/full-complete-compressed,,1,group-399
A98_1,98,建物の断熱基準を強化すべき,1_1,2_53,false,816,3,A86_9,dhtool2025/full-complete-compressed,,1,group-98
A98_2,98,日本はCOP28で合意された2030年までの再エネ設備容量3倍及びエネルギー効率改善率2倍というグローバル目標に貢献すべき,1_2,2_42,true,977,1,A98_2,dhtool2025/full-complete-compressed,,1,group-98
A98_3,98,乱開発を防止し、太陽光パネルの設置や洋上風力発電の活用を進めるべき,1_4,2_22,true,1223,1,A98_3,dhtool2025/full-complete-compressed,,1,group-98
A98_4,98,日本の家屋の断熱性能を向上させるために新築住宅の基準見直しや公共施設の断熱性能向上をすべき,1_1,2_53,false,816,3,A86_9,dhtool2025/full-complete-compressed,,1,group-98
A99_0,99,原子力発電の割合を増やす電源政策ではなく、老朽化原発の運転停止や使用済み核燃料を増やさない政策が必要である。,1_4,2_44,true,435,1,A99_0,dhtool2025/full-complete-compressed,,1,group-99
A99_1,99,使用済み核燃料の地層埋設処分は安全性に欠ける可能性がある。,1_5,2_33,true,368,1,A99_1,dhtool2025/full-complete-compressed,,1,group-99
A99_2,99,ウランを輸入に頼っているため、原子力発電は脱炭素に有効な手段とは思えない。,1_5,2_36,true,518,1,A99_2,dhtool2025/full-complete-compressed,,1,group-99
A99_3,99,既存原発が海に排熱を放出していることが温暖化を促進している可能性がある。,1_6,2_6,true,165,1,A99_3,dhtool2025/full-complete-compressed,,1,group-99
A99_4,99,原発の比率をこれまで以上に低減していくことを要望する。,1_4,2_13,false,475,2,A54_0,dhtool2025/full-complete-compressed,,1,group-99
A100_0,100,原子力の依存度を可能な限り低減するという安定供給を軽視した文言を削除した点は評価できる。,1_4,2_13,true,407,2,A100_0,dhtool2025/full-complete-compressed,,1,group-100
A100_1,100,高温ガス炉や核融合について計画中に言及していた点は高く評価する。,1_5,2_36,true,1138,1,A100_1,dhtool2025/full-complete-compressed,,1,group-100
A100_2,100,高温ガス炉による核燃料サイクルも選択肢として検討すべきである。,1_5,2_36,true,1139,1,A100_2,dhtool2025/full-complete-compressed,,1,group-100
A100_3,100,火力発電を完全になくすという文言にはしなかった点は評価できる。,1_5,2_62,true,992,1,A100_3,dhtool2025/full-complete-compressed,,1,group-100
A100_4,100,再生可能エネルギーの統合コスト試算が火力発電で調整する前提で試算されている点は矛盾している。,1_4,2_9,true,1099,2,A100_4,dhtool2025/full-complete-compressed,,1,group-100
A100_5,100,再生可能エネルギーのコスト試算には過去の気象データを用いた現実的な試算が必要である。,1_4,2_32,true,1100,1,A100_5,dhtool2025/full-complete-compressed,,1,group-100
A100_6,100,再生可能エネルギーの発電コスト試算において、調整力を火力を使わない場合の蓄電池のコストを考慮すべきである。,1_4,2_9,false,1099,2,A100_4,dhtool2025/full-complete-compressed,,1,group-100
A100_7,100,送電網増強費用を考慮せずに再生可能エネルギーの発電コストを試算するのは問題である。,1_4,2_9,true,1101,1,A100_7,dhtool2025/full-complete-compressed,,1,group-100
A100_8,100,ペロブスカイト太陽光について過大評価している印象がある。,1_4,2_22,true,1132,1,A100_8,dhtool2025/full-complete-compressed,,1,group-100
A100_9,100,再生可能エネルギーや蓄電池、EVの製造過程のCO2やレアメタルのライフサイクルアセスメントを評価すべきである。,1_4,2_14,true,1309,1,A100_9,dhtool2025/full-complete-compressed,,1,group-100
A100_10,100,脱炭素政策により生じる電気代へのインパクトを緻密に算出すべきである。,1_4,2_44,true,266,1,A100_10,dhtool2025/full-complete-compressed,,1,group-100
A100_11,100,再エネと蓄電池比率については現実に即して見直すべきである。,1_4,2_9,true,1194,1,A100_11,dhtool2025/full-complete-compressed,,1,group-100
A101_0,101,政府のinnovationに対する取り組みは遅れており、再エネの取り組みにおいても我が国は欧州と比べて遅れている。,1_1,2_25,false,851,2,A87_0,dhtool2025/full-complete-compressed,,1,group-101
A101_1,101,原発を重要電源に設定していることが再エネの取り組みを遅らせている。,1_4,2_39,false,499,2,A87_1,dhtool2025/full-complete-compressed,,1,group-101
A101_2,101,原子力は早急に電源としての役割を終えるべきである。,1_5,2_62,true,524,2,A101_2,dhtool2025/full-complete-compressed,,1,group-101
A101_4,101,核廃棄物の処理は重要な問題であるが、原発利用の議論が活発でバランスが取れていない。,1_6,2_49,false,322,2,A87_4,dhtool2025/full-complete-compressed,,1,group-101
A102_0,102,第7次エネルギー基本計画（案）に反対である。,1_7,2_47,true,1057,10,A102_0,dhtool2025/full-complete-compressed,,1,group-102
A102_1,102,原子力の推進があり、2040年度の電源構成が2割に達することに懸念がある。,1_1,2_51,true,1359,1,A102_1,dhtool2025/full-complete-compressed,,1,group-102
A102_2,102,再生可能エネルギーの構成率が低すぎる。,1_4,2_32,false,1092,2,A38_1,dhtool2025/full-complete-compressed,,1,group-102
A102_3,102,火力発電の構成率が高いことに問題がある。,1_4,2_60,true,1213,1,A102_3,dhtool2025/full-complete-compressed,,1,group-102
A102_4,102,S+3Eを考えるなら、原発は即時廃止すべきであり、コストも安くなく、事故が起きれば環境への影響は計り知れない。,1_1,2_63,true,1305,1,A102_4,dhtool2025/full-complete-compressed,,1,group-102
A102_5,102,この基本計画ではCO2排出削減が世界水準に達することは難しい。,1_1,2_12,true,849,1,A102_5,dhtool2025/full-complete-compressed,,1,group-102
A102_6,102,再生可能エネルギーと省エネにもっと予算と資源を投入し、エネルギーの自給自足を進めるべきである。,1_4,2_32,true,1096,3,A102_6,dhtool2025/full-complete-compressed,,1,group-102
A103_0,103,エネルギー政策の基本はS＋3E（安全性、エネルギーの安定供給、経済効率性、環境への適合）であるべき。,1_1,2_63,true,1303,2,A103_0,dhtool2025/full-complete-compressed,,1,group-103
A103_1,103,カーボンニュートラルを実現するためには、再生可能エネルギー、原子力、省エネルギー技術、水素などの次世代燃料、炭素回収技術をすべて進展させる必要がある。,1_2,2_17,true,896,1,A103_1,dhtool2025/full-complete-compressed,,1,group-103
A103_2,103,日本の国土で原発を事故なく稼働させることは不可能であり、放射性廃棄物の安全な管理も難しい。原発は長期的には高い発電方法である。,1_6,2_6,true,350,1,A103_2,dhtool2025/full-complete-compressed,,1,group-103
A103_3,103,カーボンニュートラルが本当に人類にとって問題なのか議論が分かれる中、これを第一優先に考えることは間違っている。,1_2,2_17,true,898,1,A103_3,dhtool2025/full-complete-compressed,,1,group-103
A103_4,103,メタンハイドレートや国内石油・天然ガスの開発はコストが高くても景気浮揚につながり、自前のエネルギーを持つことは安全保障政策にもなる。,1_2,2_17,true,1325,1,A103_4,dhtool2025/full-complete-compressed,,1,group-103
A103_5,103,炭素回収技術に国をあげて取り組むべきであり、CO2を太陽エネルギーで固体化させる技術の研究に国をあげて取り組むべき。,1_2,2_17,true,943,1,A103_5,dhtool2025/full-complete-compressed,,1,group-103
A103_6,103,原発必要という議論が続く中で、反する技術に取り組んでいないように感じられる。子孫が日本に住み続けるために何が必要かを本気で議論し、国民に示してほしい。,1_8,2_40,true,433,1,A103_6,dhtool2025/full-complete-compressed,,1,group-103
A104_0,104,原発の費用や温暖化に対する貢献度を、将来にかかるCO2と費用を現在の使用量に換算して決めるべきである。,1_5,2_38,true,264,1,A104_0,dhtool2025/full-complete-compressed,,1,group-104
A104_1,104,現在の石油や太陽光発電と比較して原発が良いとするのはおかしい。,1_4,2_22,true,1128,1,A104_1,dhtool2025/full-complete-compressed,,1,group-104
A104_2,104,将来の費用を考慮せずに原発のコストを税金で賄うのは問題であり、将来の人間がその管理をしなければならないことを考慮すべきである。,1_5,2_24,true,265,1,A104_2,dhtool2025/full-complete-compressed,,1,group-104
A105_0,105,脱炭素に関する一般市民の理解不足が問題であり、啓発活動が必要である。,1_2,2_43,true,931,1,A105_0,dhtool2025/full-complete-compressed,,1,group-105
A105_1,105,脱炭素を『じぶんごと』として捉える重要性があるが、具体的な促進策が必要である。,1_2,2_43,true,938,1,A105_1,dhtool2025/full-complete-compressed,,1,group-105
A105_2,105,旧来の広報や現場任せの方法では改善が見込めない。,1_8,2_55,true,783,1,A105_2,dhtool2025/full-complete-compressed,,1,group-105
A105_3,105,独自に講座を開催する必要があるが、行政の支援が期待できない。,1_1,2_18,true,790,1,A105_3,dhtool2025/full-complete-compressed,,1,group-105
A106_0,106,エネルギー基本計画案では、原子力発電への依存度を減らし、再生可能エネルギーの導入を加速化すべきである。,1_7,2_11,false,1264,2,A41_3,dhtool2025/full-complete-compressed,,1,group-106
A106_1,106,原子力発電所の安全対策について、より具体的な情報を公開し、安全性を徹底的に検証する必要がある。,1_5,2_52,true,85,1,A106_1,dhtool2025/full-complete-compressed,,1,group-106
A106_2,106,事故発生時の対応について、現実的な対策を策定し、国民に周知することが重要である。,1_6,2_57,true,214,1,A106_2,dhtool2025/full-complete-compressed,,1,group-106
A106_3,106,使用済核燃料の処分方法について、早期に解決策を見出し、未来世代に負担を押し付けないようにすべきである。,1_4,2_0,true,873,1,A106_3,dhtool2025/full-complete-compressed,,1,group-106
A106_4,106,新型炉については、安全性と費用対効果を慎重に検討し、導入の是非を判断する必要がある。,1_5,2_36,true,1143,1,A106_4,dhtool2025/full-complete-compressed,,1,group-106
A106_5,106,エネルギー政策の決定過程に、国民の意見を反映させる仕組みを構築すべきである。,1_7,2_54,true,1271,1,A106_5,dhtool2025/full-complete-compressed,,1,group-106
A106_6,106,水素やアンモニア等の次世代エネルギーの開発を推進することが求められる。,1_3,2_58,true,1055,1,A106_6,dhtool2025/full-complete-compressed,,1,group-106
A106_7,106,エネルギー転換に伴う国民負担を最小限に抑えるための対策を講じるべきである。,1_1,2_25,true,1349,1,A106_7,dhtool2025/full-complete-compressed,,1,group-106
A107_0,107,再生可能エネルギーの導入拡大は喫緊の課題であり、エネルギー基本計画案では再生可能エネルギーを主力電源化する方針が示されているが、具体的な数値目標や導入スケジュールが欠如している。,1_4,2_14,true,1265,1,A107_0,dhtool2025/full-complete-compressed,,1,group-107
A107_1,107,再生可能エネルギー導入に向けた課題認識が甘く、適地不足や系統制約、コスト問題、地域との共生、環境アセスメントなどに対する具体的な対策が必要である。,1_4,2_14,true,1085,2,A107_1,dhtool2025/full-complete-compressed,,1,group-107
A107_2,107,太陽光発電に過度な期待が寄せられているが、発電量の変動やパネルのリサイクル問題、国産化率の低さなどの課題が存在する。,1_4,2_22,true,1122,1,A107_2,dhtool2025/full-complete-compressed,,1,group-107
A107_3,107,再生可能エネルギーに関する議論が太陽光発電に偏重しており、地熱発電やバイオマス発電、海洋エネルギーなど他の再生可能エネルギーへの言及が不足している。,1_4,2_20,true,1235,1,A107_3,dhtool2025/full-complete-compressed,,1,group-107
A107_4,107,再生可能エネルギーの導入拡大にはイノベーションが不可欠であるが、具体的な政策や技術開発支援、実証実験の促進、国際標準化の推進が不足している。,1_4,2_14,true,1086,1,A107_4,dhtool2025/full-complete-compressed,,1,group-107
A108_0,108,エネルギー転換には多額の費用が必要であり、その負担は最終的に国民に及ぶ可能性がある。,1_4,2_14,true,1350,1,A108_0,dhtool2025/full-complete-compressed,,1,group-108
A108_1,108,再生可能エネルギーの導入コストは高く、電気料金に転嫁される可能性がある。,1_4,2_32,true,1105,1,A108_1,dhtool2025/full-complete-compressed,,1,group-108
A108_2,108,化石燃料からの転換には新たな設備投資や技術開発が必要であり、これらの費用も国民が負担することになる。,1_2,2_17,true,881,1,A108_2,dhtool2025/full-complete-compressed,,1,group-108
A108_3,108,送配電網の整備には多額の費用がかかり、これも国民の負担となる。,1_1,2_18,true,1187,1,A108_3,dhtool2025/full-complete-compressed,,1,group-108
A108_4,108,エネルギー転換は経済に様々な影響を与える可能性があり、特に産業競争力や雇用に影響を及ぼす。,1_4,2_14,true,1311,1,A108_4,dhtool2025/full-complete-compressed,,1,group-108
A108_5,108,エネルギー転換の負担は公平に分担される必要があり、低所得者層への支援策が必要である。,1_1,2_25,true,1329,1,A108_5,dhtool2025/full-complete-compressed,,1,group-108
A108_6,108,エネルギー基本計画案は国民負担の増加や経済への影響に対する配慮が不足している。,1_7,2_11,true,1251,2,A108_6,dhtool2025/full-complete-compressed,,1,group-108
A108_7,108,コスト意識の向上と経済合理性の重視が求められる。,1_1,2_25,true,613,1,A108_7,dhtool2025/full-complete-compressed,,1,group-108
A108_8,108,国民への十分な説明と理解が必要であり、情報公開を徹底する必要がある。,1_7,2_45,true,577,1,A108_8,dhtool2025/full-complete-compressed,,1,group-108
A109_0,109,放射線の量と広島や福島の事故時の放射線量の比較図を入れないと、子供には問題が明確に伝わらない。,1_6,2_31,true,196,1,A109_0,dhtool2025/full-complete-compressed,,1,group-109
A109_1,109,事故時の放射線放出量比較図があってこそ、事故時には安全な場所に逃げる必要があるという意識が醸成される。,1_6,2_31,true,197,1,A109_1,dhtool2025/full-complete-compressed,,1,group-109
A109_2,109,内部被ばくについての説明がないため、放射線量の高いものを食べてはいけない理由が理解できない。,1_6,2_31,true,198,1,A109_2,dhtool2025/full-complete-compressed,,1,group-109
A109_3,109,EUの基準についても説明が必要である。,1_7,2_54,true,689,1,A109_3,dhtool2025/full-complete-compressed,,1,group-109
A109_4,109,復興再生に向けた取組に関する文章には矛盾があり、教育書としてふさわしくない。真相を伝えるべきである。,1_4,2_0,true,785,1,A109_4,dhtool2025/full-complete-compressed,,1,group-109
A110_0,110,第7次エネルギー基本計画（案）は脱原発、脱炭素に全力で取り組む計画になっていない。,1_7,2_11,false,1066,4,A76_0,dhtool2025/full-complete-compressed,,1,group-110
A110_1,110,化石燃料並びにウランは輸入に頼らざるを得ず、エネルギーの安全保障上のリスクが大き過ぎる。,1_2,2_17,true,887,1,A110_1,dhtool2025/full-complete-compressed,,1,group-110
A110_2,110,原子力発電所は敵国からの恰好の標的となる。,1_8,2_23,true,62,1,A110_2,dhtool2025/full-complete-compressed,,1,group-110
A110_3,110,使用済み核燃料の再処理はいまだに目処が立っていない。,1_5,2_33,true,370,1,A110_3,dhtool2025/full-complete-compressed,,1,group-110
A110_4,110,COP並びにG7での約束を守れなければ日本の存在価値を下げ世界の信用を失う。,1_2,2_42,true,855,1,A110_4,dhtool2025/full-complete-compressed,,1,group-110
A110_5,110,エネルギーの自給率向上・地産地消及び自家使用を積極的に推進支援する制度を策定すべき。,1_4,2_14,true,1336,1,A110_5,dhtool2025/full-complete-compressed,,1,group-110
A110_6,110,対象とするエネルギーは太陽光、太陽熱、地中熱、小水力と蓄電池及びマイクログリッドとする。,1_4,2_20,true,1243,1,A110_6,dhtool2025/full-complete-compressed,,1,group-110
A110_7,110,再生可能エネルギーとして地熱発電、中小水力発電、潮力・海流発電を対象とした支援策、人材開発、技術開発、産業育成を推進すべき。,1_4,2_9,true,1335,1,A110_7,dhtool2025/full-complete-compressed,,1,group-110
A110_8,110,環境省の資料によれば太陽光、風力、中小水力、地熱だけで必要電力量を賄える。,1_4,2_20,true,1242,1,A110_8,dhtool2025/full-complete-compressed,,1,group-110
A110_9,110,原子力発電の再稼働並びに新増設は禁止すべき。,1_8,2_46,true,537,1,A110_9,dhtool2025/full-complete-compressed,,1,group-110
A110_10,110,廃炉の技術開発は推進すべき。,1_8,2_15,true,385,2,A110_10,dhtool2025/full-complete-compressed,,1,group-110
A110_11,110,日本人としてプライドの持てる、世界に誇れる計画にするべき。,1_1,2_18,true,667,1,A110_11,dhtool2025/full-complete-compressed,,1,group-110
A111_0,111,日本は原発の電源構成に頼らない社会を目指すべきである。,1_5,2_5,true,42,1,A111_0,dhtool2025/full-complete-compressed,,1,group-111
A111_1,111,原子力発電はコストが高く、電気浪費が激しい電源である。,1_5,2_38,true,270,1,A111_1,dhtool2025/full-complete-compressed,,1,group-111
A111_2,111,2040年度は原子発電0%を目指すべきである。,1_1,2_51,true,1360,1,A111_2,dhtool2025/full-complete-compressed,,1,group-111
A111_3,111,原発は軍事攻撃対象になり得るため、リスクが高い。,1_8,2_23,true,58,1,A111_3,dhtool2025/full-complete-compressed,,1,group-111
A111_4,111,日本は原発推進の政策をやめ、すべての原発を停止し、廃炉にするべきである。,1_8,2_15,false,393,3,A417_0,dhtool2025/full-complete-compressed,,1,group-111
A112_0,112,原発の新設に反対すべき,1_8,2_40,false,226,9,A442_1,dhtool2025/full-complete-compressed,,1,group-112
A112_1,112,電気料金の値上げに反対すべき,1_8,2_55,true,242,2,A112_1,dhtool2025/full-complete-compressed,,1,group-112
A112_2,112,再生可能エネルギーにシフトすべき,1_4,2_32,true,1082,2,A112_2,dhtool2025/full-complete-compressed,,1,group-112
A113_0,113,火力発電は再生可能エネルギーによる出力変動や周波数変動を補う調整力として重要な役割を担っている。,1_4,2_9,true,1209,1,A113_0,dhtool2025/full-complete-compressed,,1,group-113
A113_1,113,石油、石炭火力機の休廃止に伴い、短絡容量の確保が技術的な問題として顕在化している。,1_2,2_3,true,911,1,A113_1,dhtool2025/full-complete-compressed,,1,group-113
A113_2,113,短絡容量についての記載を検討すべき。,1_4,2_44,true,700,1,A113_2,dhtool2025/full-complete-compressed,,1,group-113
A114_0,114,土地があり、食料を自給できれば社会は何とかなるが、土地が放射能に汚染されてしまうと問題が生じる,1_6,2_31,true,181,1,A114_0,dhtool2025/full-complete-compressed,,1,group-114
A114_1,114,原発推進は亡国の政策であり、原発推進に反対する,1_8,2_7,true,225,1,A114_1,dhtool2025/full-complete-compressed,,1,group-114
A115_0,115,エネルギー基本計画は国家のエネルギー安全保障を最優先に考慮すべきであり、脱炭素目標を重視しすぎることはエネルギー供給の安定性を損なう可能性がある。,1_7,2_11,true,1255,1,A115_0,dhtool2025/full-complete-compressed,,1,group-115
A115_1,115,再生可能エネルギーの比率を適切な水準に抑え、液化天然ガス（LNG）火力発電の比率を増やすべきである。,1_4,2_32,true,1376,1,A115_1,dhtool2025/full-complete-compressed,,1,group-115
A115_2,115,二酸化炭素の排出に対するコストを国民に転嫁することは、現時点で国民の理解と支持を得られていない。,1_2,2_43,true,933,1,A115_2,dhtool2025/full-complete-compressed,,1,group-115
A115_3,115,排出権取引の導入や炭素税の賦課は国民への負担増を前提とした計画であり、再考すべきである。,1_2,2_43,true,593,1,A115_3,dhtool2025/full-complete-compressed,,1,group-115
A115_4,115,化石燃料の輸入が国富の流出につながるとの主張はミスリードであり、エネルギー政策の判断基準として適切ではない。,1_2,2_17,true,884,1,A115_4,dhtool2025/full-complete-compressed,,1,group-115
A115_5,115,再生可能エネルギーや蓄電池のみでエネルギー自給率を100%にすることは現時点では実現可能性が低い。,1_4,2_32,true,1106,3,A115_5,dhtool2025/full-complete-compressed,,1,group-115
A115_6,115,排出権取引の導入に関しては国民全体での議論が必要であり、透明性の高いプロセスを経るべきである。,1_7,2_54,true,594,1,A115_6,dhtool2025/full-complete-compressed,,1,group-115
A115_7,115,エネルギー基本計画の審議会には多様な視点を取り入れるため、一般国民や生活者の視点を持つ委員を加えることが重要である。,1_7,2_16,false,1276,3,A86_1,dhtool2025/full-complete-compressed,,1,group-115
A115_8,115,国民は脱炭素に関する関心や理解が低く、政府は国民を巻き込んだ十分な議論を行っていない。,1_2,2_43,true,932,1,A115_8,dhtool2025/full-complete-compressed,,1,group-115
A115_9,115,国民への説明責任を果たし、具体的な数値を示して国民的な議論を経るべきである。,1_7,2_45,true,578,1,A115_9,dhtool2025/full-complete-compressed,,1,group-115
A115_10,115,一部の環境市民団体や環境系の学者の意見が国民全体の意見であるかのように誤解されることのないようにすべきである。,1_7,2_16,true,584,1,A115_10,dhtool2025/full-complete-compressed,,1,group-115
A116_0,116,原発依存度の低減は削除しないで残すべき,1_4,2_13,true,418,3,A116_0,dhtool2025/full-complete-compressed,,1,group-116
A116_1,116,万が一の事故に備えた周辺住民の避難計画は十分に整備されていない,1_6,2_27,true,190,1,A116_1,dhtool2025/full-complete-compressed,,1,group-116
A116_2,116,日本は大規模な地震がいつ起こるかわからない国であり、原発の最大限の活用はあり得ない,1_6,2_50,true,24,2,A116_2,dhtool2025/full-complete-compressed,,1,group-116
A116_3,116,原発の新増設やリプレースには数十年かかり、莫大なコストがかかる,1_8,2_41,true,715,1,A116_3,dhtool2025/full-complete-compressed,,1,group-116
A116_4,116,温暖化対策として再エネの普及拡大を政府がリーダーシップをとって進めるべき,1_1,2_25,true,1285,1,A116_4,dhtool2025/full-complete-compressed,,1,group-116
A116_5,116,自国のエネルギー自給率を高める必要がある,1_4,2_14,false,1333,2,A20_1,dhtool2025/full-complete-compressed,,1,group-116
A116_6,116,未来の子供たちのために原子力に依存しないでほしい,1_1,2_18,true,647,1,A116_6,dhtool2025/full-complete-compressed,,1,group-116
A117_0,117,原発依存度の低減は引き続き行うべきであり、原子力は安心できない危険な発電方式である。,1_4,2_13,false,539,3,A469_0,dhtool2025/full-complete-compressed,,1,group-117
A117_1,117,再生可能エネルギー、特に太陽光の利用拡大を進めるべきであり、早期に設置割合を高める必要がある。,1_4,2_22,false,1233,3,A133_7,dhtool2025/full-complete-compressed,,1,group-117
A117_2,117,気候変動に対する責任を果たすため、経済を優先せず、将来世代に負担をかけない政策を実施すべきである。,1_1,2_18,true,826,1,A117_2,dhtool2025/full-complete-compressed,,1,group-117
A117_3,117,RABモデルによる原発建設のコスト負担は、建設する原発の受益者に負担させるべきであり、全需要者に広く薄く賦課するのは避けるべきである。,1_5,2_38,true,249,1,A117_3,dhtool2025/full-complete-compressed,,1,group-117
A118_0,118,関電の原発建設費を他の地域の需要者が負担するのはおかしい。,1_5,2_38,true,247,1,A118_0,dhtool2025/full-complete-compressed,,1,group-118
A118_1,118,再エネ賦課金は全国に広がった事業者に合理性があるが、原発はエリアごとに事業者が決まっているため、他エリアの需要者が負担するのは理屈に合わない。,1_5,2_38,true,248,1,A118_1,dhtool2025/full-complete-compressed,,1,group-118
A118_2,118,東電の次世代原発のRAB賦課金も東電管内の契約者が負担すべきである。,1_5,2_38,true,251,1,A118_2,dhtool2025/full-complete-compressed,,1,group-118
A118_3,118,小型の安い原発を建設する場合、そのエリアの需要者が安いRAB賦課金を負担すればよい。,1_5,2_38,true,250,1,A118_3,dhtool2025/full-complete-compressed,,1,group-118
A119_0,119,需給調整力(kW)の基本計画が必要であり、2035年頃には発電量(kWh)よりも需給調整力(kW)が重要な課題になる可能性がある。,1_4,2_0,true,1175,1,A119_0,dhtool2025/full-complete-compressed,,1,group-119
A119_1,119,地域局所的な需給調整は揚水発電や系統用蓄電池では対応できない可能性があり、細かい粒度でシミュレーションを行うべきである。,1_4,2_9,true,1177,1,A119_1,dhtool2025/full-complete-compressed,,1,group-119
A119_2,119,ベースロード電源と再エネには、需給調整力を加えた発電コストを高めに見積もるべきである。,1_4,2_9,true,1176,1,A119_2,dhtool2025/full-complete-compressed,,1,group-119
A119_3,119,蓄電池の導入には、初期投資の補助以外にランニングの補助金が必要である。,1_4,2_9,true,1151,1,A119_3,dhtool2025/full-complete-compressed,,1,group-119
A119_4,119,Scope1の削減が課題であり、特に高温度帯の工業炉においてはCCUSやDACの導入が非効率であるため、大企業が代表して導入し、環境価値を売買する方がコストが低くなる。,1_2,2_21,true,850,1,A119_4,dhtool2025/full-complete-compressed,,1,group-119
A119_5,119,水素の生産方法に注意が必要であり、化石燃料から水素を作る発想は避けるべきである。,1_3,2_4,true,1038,1,A119_5,dhtool2025/full-complete-compressed,,1,group-119
A119_6,119,電気から熱を直接生成する手法の研究を進めることが効率的である。,1_4,2_60,true,1228,1,A119_6,dhtool2025/full-complete-compressed,,1,group-119
A120_0,120,原子力発電を再生可能エネルギーと並べて「クリーンエネルギー」と位置づける方針には反対である。,1_5,2_36,true,513,1,A120_0,dhtool2025/full-complete-compressed,,1,group-120
A120_1,120,原子力は環境破壊を引き起こし、全くクリーンではない。,1_5,2_36,true,512,2,A120_1,dhtool2025/full-complete-compressed,,1,group-120
A120_2,120,使用済み燃料は何万年も環境を脅かし続ける。,1_2,2_17,true,876,1,A120_2,dhtool2025/full-complete-compressed,,1,group-120
A120_3,120,原子力発電は安全性、安定供給、経済効率、環境適合性の面で問題がある。,1_5,2_5,true,90,1,A120_3,dhtool2025/full-complete-compressed,,1,group-120
A120_4,120,2050年までに温室効果ガス排出ゼロを確実に実行すべきであり、再生可能エネルギーの研究開発を進めるべきである。,1_1,2_51,true,1393,1,A120_4,dhtool2025/full-complete-compressed,,1,group-120
A120_5,120,デジタル化やAIの普及により電力需要が増加しているため、過度なデジタル化を見直し、AI使用を制限することを考慮すべきである。,1_4,2_0,true,1193,1,A120_5,dhtool2025/full-complete-compressed,,1,group-120
A121_0,121,政府が掲げるエネルギー政策の目標は具体的な数値目標が不足しており、明示する必要がある。,1_1,2_51,true,1338,1,A121_0,dhtool2025/full-complete-compressed,,1,group-121
A121_1,121,目標達成に向けた主要プロセスを明示し、特に不確定な要素がある場合には代替案を示すべきである。,1_1,2_53,true,770,1,A121_1,dhtool2025/full-complete-compressed,,1,group-121
A121_2,121,目標達成に向けた進捗管理制度を導入し、進捗率と実際の成果を公開する必要がある。,1_1,2_8,true,771,1,A121_2,dhtool2025/full-complete-compressed,,1,group-121
A121_3,121,2050年以降のエネルギー政策についての情報が不足しており、長期的な視野に立った政策を示すことが重要である。,1_1,2_51,true,1355,1,A121_3,dhtool2025/full-complete-compressed,,1,group-121
A121_4,121,日本のエネルギー政策は目標設定に偏りがちで、実行プロセスが不足している。,1_1,2_25,true,1339,1,A121_4,dhtool2025/full-complete-compressed,,1,group-121
A121_5,121,全電源の再エネ化は、再エネの大量供給と出力調整手段があれば実現可能である。,1_4,2_9,true,1174,1,A121_5,dhtool2025/full-complete-compressed,,1,group-121
A121_6,121,再エネの供給量は変動するため、安定供給のための出力調整手段が必要である。,1_4,2_9,true,1172,1,A121_6,dhtool2025/full-complete-compressed,,1,group-121
A122_0,122,揚水発電所は、大量の夜間余剰電力を昼間に使うための出力調整手段として重要である。,1_4,2_9,true,1178,2,A122_0,dhtool2025/full-complete-compressed,,1,group-122
A122_1,122,再エネの出力調整には、海水揚水発電所の導入が必要である。,1_4,2_9,true,1173,1,A122_1,dhtool2025/full-complete-compressed,,1,group-122
A122_2,122,揚水発電は、大電力の出力調整に適しており、長期的な蓄電が可能である。,1_4,2_9,false,1178,2,A122_0,dhtool2025/full-complete-compressed,,1,group-122
A122_3,122,一般的な蓄電池や水素利用蓄電は、大量蓄電には使い難いとされる。,1_4,2_20,true,1179,1,A122_3,dhtool2025/full-complete-compressed,,1,group-122
A122_4,122,蓄電池等の耐用年数毎の交換は、揚水発電所のポンプ水車等の交換よりも費用が嵩む。,1_4,2_9,true,1180,1,A122_4,dhtool2025/full-complete-compressed,,1,group-122
A123_0,123,トランプ米次期大統領の言説の有用性を確認する必要がある。,1_8,2_28,true,761,1,A123_0,dhtool2025/full-complete-compressed,,1,group-123
A123_1,123,日本の最大の同盟国であるアメリカの大統領が語っている内容の精査が必要である。,1_8,2_28,true,666,1,A123_1,dhtool2025/full-complete-compressed,,1,group-123
A123_2,123,温暖化懐疑説については、一部のシンクタンクが「脱炭素は馬鹿げている」として独自のエネルギー戦略を提言している。,1_2,2_43,true,950,1,A123_2,dhtool2025/full-complete-compressed,,1,group-123
A123_3,123,トランプの言い分の方が科学的根拠があると思える。,1_8,2_28,true,762,1,A123_3,dhtool2025/full-complete-compressed,,1,group-123
A123_4,123,化石燃料の削減に意味がないのであれば、効率的に化石燃料を使用すべきである。,1_2,2_17,true,890,1,A123_4,dhtool2025/full-complete-compressed,,1,group-123
A123_5,123,不安定な太陽光、風力への依存度は低下させるべきである。,1_4,2_22,true,1118,1,A123_5,dhtool2025/full-complete-compressed,,1,group-123
A123_6,123,水力は安定的な再生可能エネルギーであり、信頼性が高い。,1_4,2_20,true,1210,1,A123_6,dhtool2025/full-complete-compressed,,1,group-123
A123_7,123,太陽光や風力は気象現象による変動が大きく、必要な時に電力が確保できない可能性が高い。,1_4,2_22,true,1119,1,A123_7,dhtool2025/full-complete-compressed,,1,group-123
A123_8,123,不完全なシステムに莫大な投資をするのはナンセンスである。,1_4,2_9,true,1184,1,A123_8,dhtool2025/full-complete-compressed,,1,group-123
A123_9,123,太陽光パネルは中国製が多く、日本の利益にならないため、国産パネルの使用を義務付けるべきである。,1_4,2_22,false,1110,2,A173_1,dhtool2025/full-complete-compressed,,1,group-123
A123_10,123,原発は大気中に暴露しないように地中や水中に設置すべきである。,1_6,2_31,true,428,1,A123_10,dhtool2025/full-complete-compressed,,1,group-123
A123_11,123,既存の原発は廃止すべきであり、小型モジュール炉の開発を急ぐべきである。,1_8,2_15,true,403,1,A123_11,dhtool2025/full-complete-compressed,,1,group-123
A123_12,123,核融合など未来の技術開発を行うべきである。,1_4,2_39,true,1160,1,A123_12,dhtool2025/full-complete-compressed,,1,group-123
A123_13,123,電力需要は益々増えていくため、新たな電力供給方法を考える必要がある。,1_4,2_0,true,1202,1,A123_13,dhtool2025/full-complete-compressed,,1,group-123
A123_14,123,日本が核融合分野でリードするために政策として開発支援を大々的に行うべきである。,1_4,2_39,true,47,1,A123_14,dhtool2025/full-complete-compressed,,1,group-123
A124_0,124,25頁32行目の「排出量」は「廃棄量」が正しいのではないかと思う。,1_6,2_49,true,699,1,A124_0,dhtool2025/full-complete-compressed,,1,group-124
A125_0,125,第七次エネルギー基本政策の制定は、将来の化石燃料枯渇に備えるために有用である。,1_7,2_11,true,886,1,A125_0,dhtool2025/full-complete-compressed,,1,group-125
A125_1,125,日本は地球温暖化の原因がCO2であることを科学的に立証する必要がある。,1_2,2_43,true,840,1,A125_1,dhtool2025/full-complete-compressed,,1,group-125
A125_2,125,現在のCO2削減対策は、他国や環境団体の流れに依存しているため、日本独自の立証が必要である。,1_2,2_43,true,845,1,A125_2,dhtool2025/full-complete-compressed,,1,group-125
A125_3,125,CO2削減対策には国としての自主的な研究と見解の発表が必要である。,1_2,2_43,true,846,1,A125_3,dhtool2025/full-complete-compressed,,1,group-125
A126_0,126,エネルギー基本計画は気候変動対策として重大であるべき。,1_7,2_11,false,1253,2,A13_2,dhtool2025/full-complete-compressed,,1,group-126
A126_1,126,エネルギー基本計画の議論に将来世代の委員を含めるべき。,1_7,2_16,true,1278,1,A126_1,dhtool2025/full-complete-compressed,,1,group-126
A126_2,126,若い世代や多様な立場の専門家、環境団体、市民が議論に参加できるようにすべき。,1_7,2_16,false,554,2,A129_1,dhtool2025/full-complete-compressed,,1,group-126
A126_3,126,民主的で透明なプロセスによる国民的議論を行うべき。,1_7,2_54,true,547,4,A126_3,dhtool2025/full-complete-compressed,,1,group-126
A127_0,127,温室効果ガスの削減目標は2035年までに60％削減では低すぎる。,1_1,2_12,false,798,5,A182_2,dhtool2025/full-complete-compressed,,1,group-127
A127_1,127,日本は70～80％削減の野心的な目標を掲げるべき。,1_1,2_12,true,803,3,A127_1,dhtool2025/full-complete-compressed,,1,group-127
A127_2,127,60％削減という目標値に高い幅を持たせるべき。,1_1,2_12,true,804,2,A127_2,dhtool2025/full-complete-compressed,,1,group-127
A127_3,127,地域の脱炭素を進めるために野心的な目標を検討してほしい。,1_2,2_43,true,940,1,A127_3,dhtool2025/full-complete-compressed,,1,group-127
A128_0,128,再生可能エネルギーを伸ばし火力発電を減らし、原子力発電をもっと推進すべきである。,1_4,2_32,true,1375,2,A128_0,dhtool2025/full-complete-compressed,,1,group-128
A128_1,128,安定的な発電が行える原子力発電が日本に最も適している。,1_5,2_5,true,68,1,A128_1,dhtool2025/full-complete-compressed,,1,group-128
A128_2,128,再生可能エネルギーは良いが、寿命が短くコストの高い蓄電所が必要であるため、安全な原子力発電を全発電量の60％程度まで注力すべきである。,1_4,2_20,true,510,1,A128_2,dhtool2025/full-complete-compressed,,1,group-128
A129_0,129,計画（案）には、他機関の厳しい見通しも取り上げ、それに対する回答を示すべきであり、経産省にとって都合のいい意見だけを載せるべきではない。,1_7,2_48,true,758,1,A129_0,dhtool2025/full-complete-compressed,,1,group-129
A129_1,129,多様な立場の専門家、環境団体、市民が議論や計画策定のプロセスに参加できるようにすべきである。,1_7,2_16,true,554,2,A129_1,dhtool2025/full-complete-compressed,,1,group-129
A129_2,129,2035年までに温室効果ガス60%削減という目標は、地球の気温上昇を1.5度に抑えるには不十分であり、先進国に比べて目標が小さすぎる。,1_1,2_12,true,797,3,A129_2,dhtool2025/full-complete-compressed,,1,group-129
A129_3,129,2024年に再生可能エネルギー4～5割という目標は低すぎる。,1_1,2_51,false,1362,2,A64_0,dhtool2025/full-complete-compressed,,1,group-129
A129_4,129,原発依存度の低減の方針が削除され、原発を「最大限活用」する方針を掲げることは問題であり、運用・維持コストや核廃棄物の処理方法が確立されていないことから、気候変動対策には悪影響が大きい。,1_5,2_62,false,494,3,A42_0,dhtool2025/full-complete-compressed,,1,group-129
A130_0,130,「原発依存度の低減」という方針は削除せず維持すべきである。,1_4,2_13,false,410,3,A96_0,dhtool2025/full-complete-compressed,,1,group-130
A130_1,130,再稼働、運転延長、新増設・リプレースの方針は原発事故からの教訓を反映していない。,1_8,2_23,true,152,1,A130_1,dhtool2025/full-complete-compressed,,1,group-130
A130_2,130,気候変動対策で必要な原発の利用は最低限に抑えるべきである。,1_1,2_8,true,819,1,A130_2,dhtool2025/full-complete-compressed,,1,group-130
A130_3,130,新増設やリプレースに使う数兆円のコストは別のことに使用すべきである。,1_1,2_8,true,716,1,A130_3,dhtool2025/full-complete-compressed,,1,group-130
A131_0,131,原子力再稼働の構想は理想的だが、現実からは離れすぎている。,1_5,2_30,true,533,1,A131_0,dhtool2025/full-complete-compressed,,1,group-131
A131_1,131,ローカルの人々の声を聞き入れていない。,1_7,2_45,true,585,1,A131_1,dhtool2025/full-complete-compressed,,1,group-131
A131_2,131,再稼働の進捗を見ても、目標年度の発電力に間に合わないので、天然ガスで電力需要の増加を賄うことを再検討すべき。,1_4,2_0,true,1199,1,A131_2,dhtool2025/full-complete-compressed,,1,group-131
A132_0,132,石炭火力発電所の段階的廃止に向けた具体的方針と全廃の時期を明確に示すべきである。,1_2,2_3,true,996,3,A132_0,dhtool2025/full-complete-compressed,,1,group-132
A132_1,132,エネルギー基本計画は、COPやG7で合意した石炭火力の段階的廃止を実現するための具体的道筋を示すべきである。,1_2,2_42,false,974,3,A188_3,dhtool2025/full-complete-compressed,,1,group-132
A133_0,133,火力は温存し、原発は最大限活用するというエネルギー基本計画には疑問がある。,1_5,2_62,true,1258,1,A133_0,dhtool2025/full-complete-compressed,,1,group-133
A133_1,133,福島第一原発事故の教訓が真剣に受け止められているか疑問であり、安全神話の復活が懸念される。,1_6,2_29,true,91,1,A133_1,dhtool2025/full-complete-compressed,,1,group-133
A133_2,133,原発の安全対策費や広報費は国民に説明すべきである。,1_5,2_10,true,299,1,A133_2,dhtool2025/full-complete-compressed,,1,group-133
A133_3,133,原発が安全であるなら、大都市に建設すべきである。,1_8,2_41,true,425,1,A133_3,dhtool2025/full-complete-compressed,,1,group-133
A133_4,133,残土を日本中に振りまくのはやめるべきである。,1_8,2_15,true,658,1,A133_4,dhtool2025/full-complete-compressed,,1,group-133
A133_5,133,福島第一原発は石棺にして放射能が下がってから廃炉作業を行うべきである。,1_6,2_29,true,122,1,A133_5,dhtool2025/full-complete-compressed,,1,group-133
A133_6,133,地震大国で原発を動かすのは狂気であり、在野の学者の意見に耳を傾けるべきである。,1_6,2_50,true,10,1,A133_6,dhtool2025/full-complete-compressed,,1,group-133
A133_7,133,再生可能エネルギーの地産地消を推進し、太陽光パネルの設置や省エネを強化すべきである。,1_4,2_22,true,1233,3,A133_7,dhtool2025/full-complete-compressed,,1,group-133
A133_8,133,核燃サイクルやプルサーマルは断念すべきであり、未来への負担を押し付ける政策はやめるべきである。,1_5,2_33,true,362,1,A133_8,dhtool2025/full-complete-compressed,,1,group-133
A133_9,133,原発回帰や60年延長の決定は白紙に戻し、国民の意見を聴取してエネルギー政策を決めるべきである。,1_7,2_54,true,1272,1,A133_9,dhtool2025/full-complete-compressed,,1,group-133
A134_0,134,化石燃料依存は避けられなかったかもしれないが、その後10年以上にわたり状況が改善されなかったのは施政者の怠慢によるものである。,1_2,2_17,true,877,1,A134_0,dhtool2025/full-complete-compressed,,1,group-134
A134_1,134,原発推進・再生可能エネルギー抑制の方針を改め、再生可能エネルギー産業の興隆を促す政策を打ち出すべきである。,1_4,2_0,false,1373,2,A32_4,dhtool2025/full-complete-compressed,,1,group-134
A134_2,134,エネルギー危機に耐えうる需給構造は、我が国の自然・風土がもつ自助力を活かして構築されるべきである。,1_4,2_14,true,1348,1,A134_2,dhtool2025/full-complete-compressed,,1,group-134
A134_3,134,再生可能エネルギー潜在力や省エネ技術を活用し、新たな技術開発を進めることがエネルギー安全保障である。,1_4,2_32,true,1108,1,A134_3,dhtool2025/full-complete-compressed,,1,group-134
A135_0,135,天然ガスの確保・供給体制において具体的な対策が記載されていないのは問題である。,1_2,2_43,true,913,1,A135_0,dhtool2025/full-complete-compressed,,1,group-135
A135_1,135,長期LNG契約の必要性は理解されているが、契約の減少に対する政府の具体的な動きが示されていない。,1_2,2_37,true,914,1,A135_1,dhtool2025/full-complete-compressed,,1,group-135
A136_0,136,青森県六ケ所村の再処理工場は稼働の見通しが立たず、使用済み核燃料が各原発に溜まり続けていることは問題である。,1_6,2_49,true,363,2,A136_0,dhtool2025/full-complete-compressed,,1,group-136
A136_1,136,高レベル廃棄物の最終処分場計画の先行きが不透明である。,1_6,2_49,true,331,1,A136_1,dhtool2025/full-complete-compressed,,1,group-136
A136_2,136,老朽原発の稼働期間の延長は事故の危険性を高める。,1_8,2_23,true,356,1,A136_2,dhtool2025/full-complete-compressed,,1,group-136
A136_3,136,「第7次基本計画」の方針転換は非現実的であり、原発への依存度を低減すべきである。,1_7,2_11,true,1064,2,A136_3,dhtool2025/full-complete-compressed,,1,group-136
A136_4,136,2040年の電源構成における原子力の「2割程度」という構成比は非現実的である。,1_1,2_51,true,1354,2,A136_4,dhtool2025/full-complete-compressed,,1,group-136
A136_4,177,2040年の電源構成における原子力の「2割程度」という構成比は非現実的である。,1_1,2_51,true,1354,2,A136_4,dhtool2025/full-complete-compressed,,1,group-177
A136_5,136,自然災害が多発する日本における原発推進のリスクが明らかになっている。,1_6,2_50,true,29,1,A136_5,dhtool2025/full-complete-compressed,,1,group-136
A136_5,177,自然災害が多発する日本における原発推進のリスクが明らかになっている。,1_6,2_50,true,29,1,A136_5,dhtool2025/full-complete-compressed,,1,group-177
A136_6,136,気候危機に対処するためには再生エネルギーの比率を高める必要がある。,1_1,2_25,true,1391,1,A136_6,dhtool2025/full-complete-compressed,,1,group-136
A136_6,177,気候危機に対処するためには再生エネルギーの比率を高める必要がある。,1_1,2_25,true,1391,1,A136_6,dhtool2025/full-complete-compressed,,1,group-177
A136_7,136,「第7次エネルギー基本計画」では脱原発を明確に示し、再生可能エネルギー100パーセントを目指すべきである。,1_7,2_11,false,1069,3,A177_6,dhtool2025/full-complete-compressed,,1,group-136
A137_0,137,再エネの最大限活用は理解できるが、エネルギー安定供給の観点から火力の代替措置を明記すべきである。,1_4,2_32,true,1260,1,A137_0,dhtool2025/full-complete-compressed,,1,group-137
A137_1,137,エネルギーの安定供給は国力を維持するうえで不可欠である。,1_4,2_14,true,1347,2,A137_1,dhtool2025/full-complete-compressed,,1,group-137
A137_2,137,脱炭素を地球規模で推進しつつ、わが国のエネルギー安定供給を両立させる手立ての早急な解を期待する。,1_2,2_43,true,937,1,A137_2,dhtool2025/full-complete-compressed,,1,group-137
A138_0,138,資源エネルギー庁の「第7次エネルギー基本計画（原案）」は、原子力への依存度を低減する文言がなくなり、原子力を最大限に活用する方針転換を示していることが問題である。,1_7,2_11,true,1065,1,A138_0,dhtool2025/full-complete-compressed,,1,group-138
A138_1,138,福島第1原子力発電所の事故の収束・廃炉作業が見通せない中での原子力への回帰は問題であり、原水禁として抗議声明を発出した。,1_6,2_29,true,142,1,A138_1,dhtool2025/full-complete-compressed,,1,group-138
A138_2,138,「第7次エネルギー基本計画（原案）」が石炭火力への依存を継続する内容であることも問題である。,1_7,2_11,true,1062,1,A138_2,dhtool2025/full-complete-compressed,,1,group-138
A139_0,139,原発は建設費や維持費、廃炉費用が非常に高額であるため、再生可能エネルギーの方が経済的に優位性がある。,1_5,2_38,true,305,3,A139_0,dhtool2025/full-complete-compressed,,1,group-139
A139_1,139,原発事故が発生した場合、復旧や賠償に莫大な費用がかかり、経済全体に深刻な影響を与えるため、再生可能エネルギーを推進することが持続可能な社会の実現において重要である。,1_4,2_39,true,1364,1,A139_1,dhtool2025/full-complete-compressed,,1,group-139
A140_0,140,地層処分の技術的信頼性について、長期的な安全性に懸念が残るため、評価の具体的な内容や結果について詳細な情報が必要である。,1_5,2_52,true,766,1,A140_0,dhtool2025/full-complete-compressed,,1,group-140
A140_1,140,地域住民の理解と協力を得るための対話の場が設置されているが、具体的な対話内容や反対意見への対応について知りたい。,1_7,2_16,true,569,1,A140_1,dhtool2025/full-complete-compressed,,1,group-140
A140_2,140,国が前面に立って取り組む役割について、具体的な活動や広報・教育活動の内容を知りたい。,1_7,2_45,true,573,1,A140_2,dhtool2025/full-complete-compressed,,1,group-140
A140_3,140,技術開発を進め、最新知見を反映する具体的な技術開発や研究成果の活用例について知りたい。,1_4,2_39,true,1161,1,A140_3,dhtool2025/full-complete-compressed,,1,group-140
A140_4,140,使用済燃料の直接処分等の代替処分オプションに関する調査研究や可逆性・回収可能性の維持に関する取り組みについて知りたい。,1_4,2_0,true,874,1,A140_4,dhtool2025/full-complete-compressed,,1,group-140
A140_5,140,国内外の関係機関との連携や他国の成功・失敗事例から学んだことについて具体的な情報を求める。,1_7,2_45,true,574,1,A140_5,dhtool2025/full-complete-compressed,,1,group-140
A140_6,140,これらの点について詳しい情報や具体例が提供されることで理解が深まると思う。,1_8,2_2,true,767,1,A140_6,dhtool2025/full-complete-compressed,,1,group-140
A141_0,141,石炭火力発電所の段階的廃止に向けた具体的方針と全廃の次期を明確に示すべきである。,1_2,2_3,false,996,3,A132_0,dhtool2025/full-complete-compressed,,1,group-141
A141_0,238,石炭火力発電所の段階的廃止に向けた具体的方針と全廃の次期を明確に示すべきである。,1_2,2_3,false,996,3,A132_0,dhtool2025/full-complete-compressed,,1,group-238
A141_0,243,石炭火力発電所の段階的廃止に向けた具体的方針と全廃の次期を明確に示すべきである。,1_2,2_3,false,996,3,A132_0,dhtool2025/full-complete-compressed,,1,group-243
A141_0,274,石炭火力発電所の段階的廃止に向けた具体的方針と全廃の次期を明確に示すべきである。,1_2,2_3,false,996,3,A132_0,dhtool2025/full-complete-compressed,,1,group-274
A141_0,368,石炭火力発電所の段階的廃止に向けた具体的方針と全廃の次期を明確に示すべきである。,1_2,2_3,false,996,3,A132_0,dhtool2025/full-complete-compressed,,1,group-368
A141_1,141,日本は2030年代前半までに石炭火力をゼロにする必要がある。,1_2,2_42,false,979,3,A273_1,dhtool2025/full-complete-compressed,,1,group-141
A141_1,238,日本は2030年代前半までに石炭火力をゼロにする必要がある。,1_2,2_42,false,979,3,A273_1,dhtool2025/full-complete-compressed,,1,group-238
A141_1,368,日本は2030年代前半までに石炭火力をゼロにする必要がある。,1_2,2_42,false,979,3,A273_1,dhtool2025/full-complete-compressed,,1,group-368
A142_0,142,再生可能エネルギーの発電出力が天候に左右される課題を克服するために、余剰エネルギーを水素として蓄積することが効果的である。,1_4,2_20,true,1035,1,A142_0,dhtool2025/full-complete-compressed,,1,group-142
A142_1,142,水素製造所は、太陽光発電所や洋上風力発電所に併設することが効果的であり、政府の支援により整備を促進する必要がある。,1_3,2_58,true,1137,1,A142_1,dhtool2025/full-complete-compressed,,1,group-142
A142_2,142,水素の搬送及び利用においては、液体のまま行うことが必要であり、カートリッジ式の普及を進めるために政府及び関係業界が協力することが求められる。,1_3,2_58,true,1019,1,A142_2,dhtool2025/full-complete-compressed,,1,group-142
A142_3,142,カートリッジ化により、一般のガソリンスタンドでの水素供給が可能になることが期待される。,1_3,2_58,true,1020,1,A142_3,dhtool2025/full-complete-compressed,,1,group-142
A143_0,143,「第7次エネルギー基本計画」では、脱原発を明確に示し、再生可能エネルギーを増やすエネルギー政策を示すべきである。,1_7,2_11,false,1069,3,A177_6,dhtool2025/full-complete-compressed,,1,group-143
A143_1,143,「人類と核は共存できない」という認識は福島第１原発の事故によって明らかになった。,1_6,2_1,true,121,1,A143_1,dhtool2025/full-complete-compressed,,1,group-143
A143_2,143,「第４次計画」での方針転換は科学的根拠に基づかない国民の安全を無視した政策である。,1_7,2_11,true,592,1,A143_2,dhtool2025/full-complete-compressed,,1,group-143
A143_3,143,青森県六ケ所村の再処理工場は稼働の見通しが立っておらず、使用済み核燃料が各原発にたまり続けている。,1_6,2_49,false,363,2,A136_0,dhtool2025/full-complete-compressed,,1,group-143
A143_4,143,各原発の避難計画は非現実的であり、住民の安全が確保されていない。,1_6,2_27,true,193,2,A143_4,dhtool2025/full-complete-compressed,,1,group-143
A143_5,143,運転開始から40年超の老朽原発の稼働機関延長は事故の危険性を高めるものである。,1_8,2_23,true,355,2,A143_5,dhtool2025/full-complete-compressed,,1,group-143
A143_6,143,自然災害が多発する日本の地政学的リスクを考慮した国民が安心できるエネルギー政策を示すべきである。,1_6,2_50,true,1343,1,A143_6,dhtool2025/full-complete-compressed,,1,group-143
A143_7,143,2040年の電源構成における「原子力２割程度」という構成比は非現実的である。,1_1,2_51,false,1354,2,A136_4,dhtool2025/full-complete-compressed,,1,group-143
A144_0,144,日本が原発に依存する体質は理解できない,1_5,2_5,true,43,1,A144_0,dhtool2025/full-complete-compressed,,1,group-144
A144_1,144,高レベル廃棄物処分の見通しが立たない中での原発依存度を上げる計画は撤回すべき,1_6,2_49,true,483,1,A144_1,dhtool2025/full-complete-compressed,,1,group-144
A145_0,145,再生可能エネルギー重視に政策転換すべき,1_4,2_14,true,1089,2,A145_0,dhtool2025/full-complete-compressed,,1,group-145
A145_1,145,原発は攻撃目標になりやすく、存在が適切ではない,1_8,2_23,true,59,1,A145_1,dhtool2025/full-complete-compressed,,1,group-145
A145_2,145,教育問題や食料問題が危機的である,1_1,2_18,true,616,1,A145_2,dhtool2025/full-complete-compressed,,1,group-145
A145_3,145,地元の初等教育がうまく回っていない,1_1,2_18,true,786,1,A145_3,dhtool2025/full-complete-compressed,,1,group-145
A145_4,145,教員の疲弊が顕著で、担任不在のクラスがある,1_1,2_18,true,789,1,A145_4,dhtool2025/full-complete-compressed,,1,group-145
A145_5,145,食料自給率が低く、食料価格が上昇している,1_1,2_18,true,618,1,A145_5,dhtool2025/full-complete-compressed,,1,group-145
A145_6,145,田んぼや畑が宅地化され、若年層が高くて狭い住宅を購入している,1_1,2_8,true,711,1,A145_6,dhtool2025/full-complete-compressed,,1,group-145
A145_7,145,エネルギー自給力を高め、過去の失敗を繰り返さないようにすべき,1_4,2_32,true,1332,1,A145_7,dhtool2025/full-complete-compressed,,1,group-145
A145_8,145,原発や化石燃料の購入資金を教育や食料問題の解決に使うべき,1_4,2_0,true,617,1,A145_8,dhtool2025/full-complete-compressed,,1,group-145
A145_9,145,小さな人が幸せになれる政策を実行すべき,1_1,2_18,true,630,1,A145_9,dhtool2025/full-complete-compressed,,1,group-145
A146_0,146,国がエネルギー基本計画や温暖化対策計画を決める前に、国会できちんと議論をすべきである。,1_7,2_16,true,1254,1,A146_0,dhtool2025/full-complete-compressed,,1,group-146
A146_1,146,エネルギーのあり方や温室効果ガス削減は私たちの暮らしに直結する問題である。,1_1,2_12,true,1351,1,A146_1,dhtool2025/full-complete-compressed,,1,group-146
A147_0,147,原発依存度の低減を堅持し、再生可能エネルギーのさらなる活用を求めるべきである。,1_4,2_39,false,412,3,A354_0,dhtool2025/full-complete-compressed,,1,group-147
A147_1,147,原子力事業は長期的にリスクとコストを伴うため、方針転換に反対し撤回を求める。,1_5,2_30,true,523,3,A147_1,dhtool2025/full-complete-compressed,,1,group-147
A147_2,147,原発は放射線汚染を伴い、管理が必要な核のごみを生み出すため、電力需給の解決には役立たない。,1_6,2_6,true,342,3,A147_2,dhtool2025/full-complete-compressed,,1,group-147
A147_3,147,福島第一原発事故の影響を考慮し、被害者救済や事故の教訓の伝承を最優先し、脱原発を進めるべきである。,1_6,2_29,true,125,2,A147_3,dhtool2025/full-complete-compressed,,1,group-147
A147_4,147,原発の再稼働や新増設は核のごみ問題を解決しないため、反対である。,1_8,2_46,true,227,2,A147_4,dhtool2025/full-complete-compressed,,1,group-147
A147_5,147,老朽原発は運転開始から40年を超えており、廃炉すべきである。,1_8,2_41,true,354,2,A147_5,dhtool2025/full-complete-compressed,,1,group-147
A147_6,147,政策立案プロセスは透明性を持ち、国民にわかりやすく伝え、民主的な議論を行うべきである。,1_7,2_54,true,1268,1,A147_6,dhtool2025/full-complete-compressed,,1,group-147
A148_0,148,地震の多い日本において、万一事故が起こった際のリスクが過大すぎるため、原発依存度の低減は維持すべきである。,1_6,2_50,true,33,2,A148_0,dhtool2025/full-complete-compressed,,1,group-148
A148_1,148,十分な解決策が見いだせない状況下で、廃棄物の処理方法も不十分なままで「最大限活用」方針はありえない。,1_6,2_57,true,727,1,A148_1,dhtool2025/full-complete-compressed,,1,group-148
A149_0,149,多様な立場の国民的論議と情報提供を求めるべき,1_7,2_45,true,576,1,A149_0,dhtool2025/full-complete-compressed,,1,group-149
A149_1,149,エネルギー需要量の大幅縮小を目指した省エネルギー施策の強化を求めるべき,1_1,2_25,true,1196,1,A149_1,dhtool2025/full-complete-compressed,,1,group-149
A149_2,149,原子力発電ゼロへの早期移行と工程の具体化を求めるべき,1_4,2_39,true,1166,1,A149_2,dhtool2025/full-complete-compressed,,1,group-149
A149_3,149,2050年再エネ100％に向けた導入目標の引き上げを求めるべき,1_1,2_51,true,1363,1,A149_3,dhtool2025/full-complete-compressed,,1,group-149
A149_4,149,石炭火力の段階的廃止を求めるべき,1_2,2_3,true,990,2,A149_4,dhtool2025/full-complete-compressed,,1,group-149
A150_0,150,福島原発事故の後始末がまだ終わっていないのに原発を最大限活用することには反対である。,1_6,2_1,true,495,2,A150_0,dhtool2025/full-complete-compressed,,1,group-150
A150_1,150,国民から原発新増設コストを取ることには反対である。,1_8,2_35,false,258,2,A11_3,dhtool2025/full-complete-compressed,,1,group-150
A150_2,150,原発の後始末ができないのに原発を使うべきではない。,1_8,2_61,true,380,1,A150_2,dhtool2025/full-complete-compressed,,1,group-150
A151_0,151,核廃棄物の最終処分ができないので、原発は稼働するべきではない。,1_6,2_49,true,347,1,A151_0,dhtool2025/full-complete-compressed,,1,group-151
A151_1,151,地震の多い日本で原発は絶対に稼働するべきではない。,1_6,2_50,true,22,1,A151_1,dhtool2025/full-complete-compressed,,1,group-151
A151_2,151,福島の教訓を生かさない政府のエネルギー基本計画に反対する。,1_7,2_47,true,1246,1,A151_2,dhtool2025/full-complete-compressed,,1,group-151
A152_0,152,原発の再稼働や新規建設など拡大に繋がる政策に反対するべき,1_8,2_46,false,230,7,A343_1,dhtool2025/full-complete-compressed,,1,group-152
A152_1,152,フクシマの問題が解決されていない中で廃棄物を増やすことは後の世代に課題を押しつけることになる,1_6,2_49,true,321,1,A152_1,dhtool2025/full-complete-compressed,,1,group-152
A153_0,153,高レベル核廃棄物の運搬先が明記されていないのは問題である。,1_6,2_49,true,332,1,A153_0,dhtool2025/full-complete-compressed,,1,group-153
A153_1,153,除去土壌の再生利用について全国に均一に撒く計画は合理性がない。,1_6,2_49,true,692,1,A153_1,dhtool2025/full-complete-compressed,,1,group-153
A153_2,153,基本的視点のS+3Eが脱炭素化に偏っており、放射性物質による汚染リスクを考慮していない。,1_1,2_63,true,1306,1,A153_2,dhtool2025/full-complete-compressed,,1,group-153
A153_3,153,ロシアによる原子力発電所への攻撃リスクについて言及がないのは不適切である。,1_5,2_52,true,63,1,A153_3,dhtool2025/full-complete-compressed,,1,group-153
A153_4,153,もんじゅから有効な知見が得られるとは考えられない。,1_5,2_62,true,769,1,A153_4,dhtool2025/full-complete-compressed,,1,group-153
A153_5,153,高温ガス炉に必要なヘリウムの安定供給が難しいと思われる。,1_5,2_36,true,1140,1,A153_5,dhtool2025/full-complete-compressed,,1,group-153
A154_0,154,脱炭素のために原発の稼働が必要だとしても、リスクの大きすぎる原発を積極的に活用するべきではない。,1_5,2_5,true,75,1,A154_0,dhtool2025/full-complete-compressed,,1,group-154
A155_0,155,「参政権無き立法府」が設定した計画には国策に係る決定適性資格が無い。,1_7,2_48,true,759,1,A155_0,dhtool2025/full-complete-compressed,,1,group-155
A155_1,155,民意から選ばれていない官僚や審議員の意見を誰が信用するのか疑問である。,1_7,2_54,true,565,1,A155_1,dhtool2025/full-complete-compressed,,1,group-155
A155_2,155,審議員・委員同士の質疑がほとんど無い会議からは有意義な計画が生まれない。,1_7,2_16,true,566,1,A155_2,dhtool2025/full-complete-compressed,,1,group-155
A155_3,155,原子力に関する経営資源確保計画が無いのに原発依存度を上げることはできない。,1_5,2_30,true,1244,1,A155_3,dhtool2025/full-complete-compressed,,1,group-155
A155_4,155,原発しか資産が無い会社に金融機関が貸し渋りを始めている現状は深刻である。,1_5,2_10,true,722,1,A155_4,dhtool2025/full-complete-compressed,,1,group-155
A155_5,155,原子力に関する提言は具体策が無く、実行可能性が疑問視される。,1_5,2_30,true,534,1,A155_5,dhtool2025/full-complete-compressed,,1,group-155
A155_6,155,原子力依存度を低減する文言を外した目的が不明である。,1_4,2_13,false,407,2,A100_0,dhtool2025/full-complete-compressed,,1,group-155
A155_7,155,権限が不明なOBの介入が懸念される。,1_8,2_2,true,641,1,A155_7,dhtool2025/full-complete-compressed,,1,group-155
A155_8,155,世間の反応を確認するために追記した可能性がある。,1_5,2_62,true,763,1,A155_8,dhtool2025/full-complete-compressed,,1,group-155
A155_9,155,何も考えていない可能性がある。,1_5,2_62,true,764,1,A155_9,dhtool2025/full-complete-compressed,,1,group-155
A156_0,156,原発の活用に反対する。,1_8,2_7,true,219,3,A156_0,dhtool2025/full-complete-compressed,,1,group-156
A156_1,156,福島の事故はまだ精査が不十分であり、復興も道半ばである。,1_6,2_19,true,131,1,A156_1,dhtool2025/full-complete-compressed,,1,group-156
A156_2,156,能登の地震における国の酷い対応から、事故が起きても国はまともに動かないことが容易に想像できる。,1_6,2_50,true,3,1,A156_2,dhtool2025/full-complete-compressed,,1,group-156
A157_0,157,原発活用に断固反対するべきである。,1_8,2_7,false,219,3,A156_0,dhtool2025/full-complete-compressed,,1,group-157
A157_1,157,日本政府はALPS汚染水の海洋放出や汚染土の再利用を目論んでおり、原発を安全に活用する能力がない。,1_6,2_1,true,145,1,A157_1,dhtool2025/full-complete-compressed,,1,group-157
A157_2,157,汚染水排出は国際問題に波及し、賠償請求の危険があるため、原発は廃炉にすべきである。,1_6,2_6,true,144,1,A157_2,dhtool2025/full-complete-compressed,,1,group-157
A157_3,157,福島原発事故の問題が未解決であるため、原発を活用するのは狂っている。,1_6,2_19,true,146,1,A157_3,dhtool2025/full-complete-compressed,,1,group-157
A157_4,157,福島原発は「石棺」方式で密閉して廃炉にするのが正しい。,1_8,2_15,true,123,1,A157_4,dhtool2025/full-complete-compressed,,1,group-157
A157_5,157,日本政府の原発活用政策は狂った政策であり、何とかする必要がある。,1_8,2_55,true,437,1,A157_5,dhtool2025/full-complete-compressed,,1,group-157
A158_0,158,我が国は原発を含む核分裂技術依存から脱却すべきである。,1_4,2_13,true,46,1,A158_0,dhtool2025/full-complete-compressed,,1,group-158
A158_1,158,原発のリスクは計り知れず、災害や事故で放射性物質が漏出すれば土地や海洋の利用が困難になる。,1_6,2_31,true,169,1,A158_1,dhtool2025/full-complete-compressed,,1,group-158
A158_2,158,福島原発の事故から学んだはずの「安全性」は存在しない。,1_6,2_1,true,116,1,A158_2,dhtool2025/full-complete-compressed,,1,group-158
A158_3,158,高レベル放射性廃棄物を無害化する技術がないため、未来の国民に悪影響を与えるリスクを残し続けることは無責任である。,1_6,2_6,true,327,1,A158_3,dhtool2025/full-complete-compressed,,1,group-158
A158_4,158,原発の発電コストには廃炉費用や放射性廃棄物処理費用が含まれているのか疑問であり、コストの優位性を語ることはできない。,1_5,2_24,true,284,1,A158_4,dhtool2025/full-complete-compressed,,1,group-158
A158_5,158,放射性廃棄物はCO2よりも有害であり、原発は再生可能エネルギーと同列に語るべきではない。,1_6,2_49,true,336,1,A158_5,dhtool2025/full-complete-compressed,,1,group-158
A158_6,158,国産のエネルギー資源と外交への注力が必要であり、特にロシアや中東との関係構築が重要である。,1_4,2_14,true,1326,1,A158_6,dhtool2025/full-complete-compressed,,1,group-158
A158_7,158,我が国は気候変動問題に対して責任を持つべきだが、中国やアメリカの対応が重要であり、我が国の姿勢を見直すべきである。,1_1,2_8,true,835,1,A158_7,dhtool2025/full-complete-compressed,,1,group-158
A158_8,158,エネルギーは国民全体のものであり、一部の利益のために将来の国民に悪影響を及ぼす方針は厳に慎むべきである。,1_1,2_18,true,1275,1,A158_8,dhtool2025/full-complete-compressed,,1,group-158
A159_0,159,第7次エネルギー基本計画（案）に強く反対する。,1_7,2_47,false,1057,10,A102_0,dhtool2025/full-complete-compressed,,1,group-159
A159_1,159,原発事故被災者の集団訴訟が1万人を超えていることは、原発事故の影響が深刻であることを示している。,1_6,2_27,false,105,2,A47_6,dhtool2025/full-complete-compressed,,1,group-159
A159_2,159,放射能災害に対する対策が「ノールール」状態であり、被災者の人権が侵害されている。,1_6,2_6,true,204,1,A159_2,dhtool2025/full-complete-compressed,,1,group-159
A159_3,159,原発事故避難計画が国内避難民を事実上「棄民」扱いしている。,1_6,2_27,false,186,2,A48_1,dhtool2025/full-complete-compressed,,1,group-159
A159_4,159,2012年の国民的議論で「2030年代、原発ゼロをめざす」との結論が出たにもかかわらず、政権交代によりその方針が白紙に戻された。,1_4,2_44,false,1353,2,A48_0,dhtool2025/full-complete-compressed,,1,group-159
A160_0,160,地震時にウランの安全な管理ができず、使用済み核燃料の処理方法も確立できていない状況で原子力への依存を続けることは許されない。,1_5,2_33,true,519,1,A160_0,dhtool2025/full-complete-compressed,,1,group-160
A160_1,160,事故が起きれば故郷に住めなくなる事態が起きるため、道義的にも原子力政策は許されない。,1_6,2_27,true,172,1,A160_1,dhtool2025/full-complete-compressed,,1,group-160
A160_2,160,直ちに原子力政策を中止し、自然エネルギーに切り替えるべきである。,1_4,2_44,true,526,2,A160_2,dhtool2025/full-complete-compressed,,1,group-160
A161_0,161,原発はエネルギー政策ではなく、推進には別の理由がある。,1_4,2_44,true,444,1,A161_0,dhtool2025/full-complete-compressed,,1,group-161
A161_1,161,原発推進がナンセンスであることは政府も承知している。,1_8,2_7,true,441,1,A161_1,dhtool2025/full-complete-compressed,,1,group-161
A161_2,161,原発事故があっても避難させない政策は棄民的である。,1_6,2_27,true,187,1,A161_2,dhtool2025/full-complete-compressed,,1,group-161
A161_3,161,政府はいずれ痛い目を見るが、災害が起きないとは限らない。,1_6,2_50,true,632,1,A161_3,dhtool2025/full-complete-compressed,,1,group-161
A161_4,161,廃炉推進に転換すべきである。,1_8,2_15,false,385,2,A110_10,dhtool2025/full-complete-compressed,,1,group-161
A162_0,162,原子力に頼ることに対する懸念がある,1_5,2_62,true,541,2,A162_0,dhtool2025/full-complete-compressed,,1,group-162
A162_1,162,福島の惨状を前にして原子力の安全性を疑問視するべき,1_6,2_1,true,83,1,A162_1,dhtool2025/full-complete-compressed,,1,group-162
A162_2,162,核のゴミの処理問題が解決されていない,1_6,2_49,true,320,1,A162_2,dhtool2025/full-complete-compressed,,1,group-162
A162_3,162,楽観的な未来を夢見ることは自由だが、現実を直視すべき,1_1,2_18,true,654,1,A162_3,dhtool2025/full-complete-compressed,,1,group-162
A162_4,162,一般市民を危険に巻き込まないようにすべき,1_8,2_28,true,208,1,A162_4,dhtool2025/full-complete-compressed,,1,group-162
A163_0,163,再生可能エネルギー（特に自然変動電源）の推進には疑問を感じる。,1_4,2_32,true,1095,1,A163_0,dhtool2025/full-complete-compressed,,1,group-163
A163_1,163,発電方法の可動率が低く、効率も高くないため、有効な策に見えない。,1_4,2_60,true,1205,1,A163_1,dhtool2025/full-complete-compressed,,1,group-163
A163_2,163,再生可能エネルギーの建設時の自然への負荷が大きく、特に太陽光発電は地盤のゆるみや漏電のリスクがある。,1_4,2_22,true,1236,1,A163_2,dhtool2025/full-complete-compressed,,1,group-163
A163_3,163,太陽光発電は周囲の自然への影響も大きく、破壊の効果が大きいと感じる。,1_4,2_22,true,1117,1,A163_3,dhtool2025/full-complete-compressed,,1,group-163
A163_4,163,効率の悪い再生可能エネルギーに投資するのではなく、原発を推進すべき。,1_4,2_0,true,508,1,A163_4,dhtool2025/full-complete-compressed,,1,group-163
A163_5,163,原発事故の反省を活かしてレベルアップができるはず。,1_6,2_57,true,291,1,A163_5,dhtool2025/full-complete-compressed,,1,group-163
A163_6,163,核融合の実用化に投資すれば、現行の核分裂よりも安全性が向上し、放射線の負荷も少なくできる。,1_4,2_39,true,1168,1,A163_6,dhtool2025/full-complete-compressed,,1,group-163
A163_7,163,行政は庶民から金を巻き上げているので、お金を有効に使うべき。,1_8,2_35,true,635,1,A163_7,dhtool2025/full-complete-compressed,,1,group-163
A164_0,164,2035年までに温室効果ガスを2013年比で60パーセント削減する目標は不十分である。,1_1,2_12,false,798,5,A182_2,dhtool2025/full-complete-compressed,,1,group-164
A164_1,164,日本は70ー80パーセントの削減を目指すべきである。,1_1,2_12,false,803,3,A127_1,dhtool2025/full-complete-compressed,,1,group-164
A164_2,164,日本がリーダーシップを発揮するためには、計画案の見直しが必要である。,1_1,2_18,true,756,1,A164_2,dhtool2025/full-complete-compressed,,1,group-164
A165_0,165,温室効果ガス73%削減の基準年が明記されていないため、数字が意味を持たない。政府の目標が不親切で不備であると感じる。,1_1,2_12,true,844,1,A165_0,dhtool2025/full-complete-compressed,,1,group-165
A165_1,165,日本政府が掲げる温室効果ガス削減目標は、先進国としての役割に届かないのではないかと感じている。,1_1,2_12,true,842,1,A165_1,dhtool2025/full-complete-compressed,,1,group-165
A165_2,165,再生可能エネルギーと原子力を並立することに違和感を感じる。原発は危険で、国民の命や安全を最優先に考えるべき。,1_8,2_55,true,452,2,A165_2,dhtool2025/full-complete-compressed,,1,group-165
A165_3,165,政府は国民の命と安全を最優先に考え、再生可能エネルギーと原子力を並立することはできないと認識すべき。,1_8,2_55,false,452,2,A165_2,dhtool2025/full-complete-compressed,,1,group-165
A165_4,165,福島原発事故の影響を受けた国として、原発を最大限活用することに矛盾を感じる。,1_6,2_1,false,495,2,A150_0,dhtool2025/full-complete-compressed,,1,group-165
A165_5,165,原発の停止を国として誓い、期限を決めてロードマップを示すべき。,1_8,2_15,true,685,1,A165_5,dhtool2025/full-complete-compressed,,1,group-165
A166_0,166,2030年度の温室効果ガス削減目標は66%以上、2040年度は81%以上とすべきである。,1_1,2_12,false,800,2,A94_0,dhtool2025/full-complete-compressed,,1,group-166
A166_1,166,原子力は放射線物質の廃棄方法が確定しておらず、地震やテロによるリスクがあるため削除すべきである。,1_6,2_6,true,166,1,A166_1,dhtool2025/full-complete-compressed,,1,group-166
A166_2,166,化石燃料の延命策は実効性が乏しく、未来に禍根を残すため排除に向かうべきである。,1_2,2_17,true,891,1,A166_2,dhtool2025/full-complete-compressed,,1,group-166
A167_0,167,原子力発電は直ちに中止し、再生可能エネルギーに舵を切るべきである。,1_5,2_62,false,526,2,A160_2,dhtool2025/full-complete-compressed,,1,group-167
A167_1,167,福島原発の事故を鑑みれば、原子力発電の中止は当然のことだ。,1_6,2_1,true,527,1,A167_1,dhtool2025/full-complete-compressed,,1,group-167
A167_2,167,原発事業者からの政治献金が自民党に流れていることは問題である。,1_8,2_28,true,643,1,A167_2,dhtool2025/full-complete-compressed,,1,group-167
A167_3,167,政府が原発を延命させようとするのは利権であり、国民のことを考えているとは考えられない。,1_8,2_28,true,450,1,A167_3,dhtool2025/full-complete-compressed,,1,group-167
A168_0,168,エネルギー基本計画(案)には、日本で紛争が発生した場合に原発を停止させることを記載すべきである。,1_7,2_11,true,1261,2,A168_0,dhtool2025/full-complete-compressed,,1,group-168
A168_1,168,エネルギー基本計画(案)には、原発攻撃による放射能汚染に伴い国土を放棄する旨を記載すべきである。,1_7,2_11,false,1261,2,A168_0,dhtool2025/full-complete-compressed,,1,group-168
A169_0,169,再生可能エネルギーの比率が高すぎるため、蓄電技術が確立していない現状では不可能である。,1_4,2_32,false,1106,3,A115_5,dhtool2025/full-complete-compressed,,1,group-169
A169_1,169,停止中の原発の稼働が一番現実的である。,1_8,2_15,true,528,1,A169_1,dhtool2025/full-complete-compressed,,1,group-169
A170_0,170,「経済成長」という表現は削除すべきである。,1_1,2_25,true,612,1,A170_0,dhtool2025/full-complete-compressed,,1,group-170
A170_1,170,気候危機の解決には、大量生産・大量消費を前提とする社会から持続可能な社会への変革が不可欠である。,1_1,2_8,true,825,1,A170_1,dhtool2025/full-complete-compressed,,1,group-170
A170_2,170,2030年から2050年以降、人類が存続の危機に陥らないためには徹底した省エネルギー・持続可能な生活が必要である。,1_1,2_51,true,1357,1,A170_2,dhtool2025/full-complete-compressed,,1,group-170
A171_0,171,福島の人々の生活を壊しておいて原発を再稼働、稼働年数延期、新設するのはありえない。,1_6,2_1,true,158,1,A171_0,dhtool2025/full-complete-compressed,,1,group-171
A171_1,171,デリブの取り出しもできず、廃棄物の処理もできないのに原発に関する話はふざけた話だ。,1_6,2_34,true,314,1,A171_1,dhtool2025/full-complete-compressed,,1,group-171
A171_2,171,国会議事堂、国会議員会館を福島に新設することには賛成。,1_8,2_40,true,431,1,A171_2,dhtool2025/full-complete-compressed,,1,group-171
A172_0,172,審議会での議論や意思決定に、若い世代や多様な立場の専門家、環境団体、ジェンダーのバランスが取れた多様な市民が参加できるようにすべき,1_7,2_16,false,556,4,A300_2,dhtool2025/full-complete-compressed,,1,group-172
A172_1,172,未来に対して責任を自覚し、前向きで覚悟ある判断を求めるべき,1_1,2_18,false,653,2,A88_3,dhtool2025/full-complete-compressed,,1,group-172
A173_0,173,太陽光は夜間や雨天時に火力発電が必要なため、カーボンニュートラルに限界がある。,1_4,2_22,true,1120,1,A173_0,dhtool2025/full-complete-compressed,,1,group-173
A173_1,173,太陽光パネルの大半が中国製であり、日本が対抗するのは難しいため、大量の太陽光導入は中国への資金流出や安全保障のリスクが高い。,1_4,2_22,true,1110,2,A173_1,dhtool2025/full-complete-compressed,,1,group-173
A173_2,173,再生可能エネルギーの主力として太陽光を選ぶことに反対したい。,1_4,2_22,true,1234,1,A173_2,dhtool2025/full-complete-compressed,,1,group-173
A173_3,173,欧米中では風力発電が主力であり、コスト面でも優れている。,1_5,2_38,true,1216,1,A173_3,dhtool2025/full-complete-compressed,,1,group-173
A173_4,173,日本は浮体式洋上風車を切り札として、再生可能エネルギーの主力を風力にシフトすべきである。,1_4,2_14,true,1217,1,A173_4,dhtool2025/full-complete-compressed,,1,group-173
A173_5,173,日本は世界6位のEEZを持ち、風況も良好であるため、浮体式洋上風力を国内産業として育成すべきである。,1_4,2_14,true,1218,1,A173_5,dhtool2025/full-complete-compressed,,1,group-173
A173_6,173,過去に日本が風車リーダーだった時代の技術者が引退する前に、国策として風車の再興を目指すべきである。,1_4,2_14,true,1219,1,A173_6,dhtool2025/full-complete-compressed,,1,group-173
A174_0,174,電気料金に上乗せはやめてほしい。,1_8,2_55,false,242,2,A112_1,dhtool2025/full-complete-compressed,,1,group-174
A174_1,174,政治家の給料を国民の給料なみに戻してから色んな政策をしてほしい。,1_7,2_48,true,628,1,A174_1,dhtool2025/full-complete-compressed,,1,group-174
A175_0,175,原発は危険であり、維持コストは膨大になり、日本の安定的で低コストのエネルギー源とはなり得ない。,1_5,2_10,true,304,2,A175_0,dhtool2025/full-complete-compressed,,1,group-175
A175_1,175,原発廃棄物の処理が見通せない中で、原発をエネルギーの重要な構成要素とし続けることは許されない。,1_6,2_49,true,345,1,A175_1,dhtool2025/full-complete-compressed,,1,group-175
A175_2,175,ドイツのように原発廃止を速やかに実現し、再生可能エネルギーの割合を低コストで抜本的に増やすべきである。,1_4,2_39,true,1386,1,A175_2,dhtool2025/full-complete-compressed,,1,group-175
A175_3,175,東北大震災・原発大事故を経験した後に原発に固執するエネルギー計画は容認できない。,1_6,2_29,true,1248,1,A175_3,dhtool2025/full-complete-compressed,,1,group-175
A176_0,176,高温ガス炉の発電原価は軽水炉と比較して3割程度低い。,1_5,2_36,true,1142,1,A176_0,dhtool2025/full-complete-compressed,,1,group-176
A176_1,176,革新軽水炉は高温ガス炉よりもコスト面で大幅に劣る。,1_5,2_36,true,1141,2,A176_1,dhtool2025/full-complete-compressed,,1,group-176
A176_2,176,高温ガス炉の技術的課題はほとんど解決済みであり、実証運転実績が不足しているだけである。,1_5,2_36,true,910,1,A176_2,dhtool2025/full-complete-compressed,,1,group-176
A176_3,176,政府が革新軽水炉を推進する理由は、既存産業からの利益誘導が意思決定をゆがませている可能性がある。,1_5,2_36,true,1144,1,A176_3,dhtool2025/full-complete-compressed,,1,group-176
A176_4,176,国民の利益や税金の有効活用を考えると、高温ガス炉の開発と推進が最優先されるべきである。,1_5,2_36,true,1145,1,A176_4,dhtool2025/full-complete-compressed,,1,group-176
A176_5,176,高温ガス炉の安全性とコストパフォーマンスが優れているにもかかわらず、革新軽水炉の推進が優先される理由を説明すべきである。,1_5,2_36,false,1141,2,A176_1,dhtool2025/full-complete-compressed,,1,group-176
A177_0,177,各原発で定められている避難計画は非現実的である。,1_6,2_27,false,193,2,A143_4,dhtool2025/full-complete-compressed,,1,group-177
A177_1,177,運転開始から40年が経った老朽原発の稼働期間の延長は事故の危険性を高める。,1_8,2_41,false,355,2,A143_5,dhtool2025/full-complete-compressed,,1,group-177
A177_2,177,「第7次基本計画（原案）」の方針転換は問題であり、原発への依存度を低減すべき。,1_7,2_11,false,1064,2,A136_3,dhtool2025/full-complete-compressed,,1,group-177
A177_6,177,「第7次エネルギー基本計画」では脱原発を明確に示し、再生可能エネルギー100パーセントを目指すべき。,1_7,2_11,true,1069,3,A177_6,dhtool2025/full-complete-compressed,,1,group-177
A178_0,178,福島原発事故の後処理が解決しておらず、廃炉についての見通しも立たない状況で、なぜ原子力活用になるのか理解できない。,1_6,2_19,true,147,1,A178_0,dhtool2025/full-complete-compressed,,1,group-178
A178_1,178,他の国々が原発再開したからといって、日本も再開するのは福島の事故の反省が感じられず、根拠にならない。,1_6,2_1,true,156,1,A178_1,dhtool2025/full-complete-compressed,,1,group-178
A178_2,178,福島原発事故を経験した日本は、脱原発でのエネルギー計画を立案すべきである。,1_6,2_29,true,1249,1,A178_2,dhtool2025/full-complete-compressed,,1,group-178
A179_0,179,放射能廃棄物の確実な処理方法が確立していない中で原子力発電の依存率を上げることは将来に対して重大な禍根を残す。,1_6,2_49,true,344,1,A179_0,dhtool2025/full-complete-compressed,,1,group-179
A179_1,179,地震や火山の多い日本での原子力発電の安全性には疑問があり、事故対策も不十分である。,1_6,2_50,true,34,1,A179_1,dhtool2025/full-complete-compressed,,1,group-179
A179_2,179,原子力発電「０」を目指す政策立案や廃棄物処理の研究実践が急務であり、これ以上の原子力発電の依存には反対である。,1_5,2_62,true,438,1,A179_2,dhtool2025/full-complete-compressed,,1,group-179
A179_3,179,炭酸ガス削減のためには再生可能発電の方策を充実させるべきであり、自然と共存できる政策立案が必要である。,1_1,2_25,true,1379,1,A179_3,dhtool2025/full-complete-compressed,,1,group-179
A179_4,179,自然条件や動植物の状況を考慮しない太陽光発電や風力発電は許可すべきではない。,1_4,2_22,true,1121,1,A179_4,dhtool2025/full-complete-compressed,,1,group-179
A179_5,179,太陽光発電は住宅の屋根などを活用し、蓄電池と組み合わせて安定供給を推進すべきである。,1_4,2_22,true,1136,1,A179_5,dhtool2025/full-complete-compressed,,1,group-179
A179_6,179,原子力発電に振り向ける予算を再生可能エネルギー政策に活用すべきである。,1_4,2_0,false,506,3,A449_4,dhtool2025/full-complete-compressed,,1,group-179
A180_0,180,原子力の脱炭素効果は高くなく、ウラン採掘や廃炉などで二酸化炭素を排出するため、原子力を最大限活用することは問題がある。,1_5,2_62,false,493,2,A7_0,dhtool2025/full-complete-compressed,,1,group-180
A180_1,180,原子力を維持することで再生可能エネルギーへの予算が削られ、両立は無理である。,1_4,2_0,true,532,1,A180_1,dhtool2025/full-complete-compressed,,1,group-180
A180_2,180,放射性物質は国民の健康を害し、廃炉や核廃棄物の処理には長い年月と労力がかかる。,1_6,2_6,true,341,1,A180_2,dhtool2025/full-complete-compressed,,1,group-180
A180_3,180,安全と健康に悪影響を与えるものを認めることはできず、政府は福島原発事故の教訓を無視して経済性を優先しているように見える。,1_6,2_29,true,455,1,A180_3,dhtool2025/full-complete-compressed,,1,group-180
A181_0,181,原発を最大限活用することには賛成できない。,1_5,2_30,true,497,1,A181_0,dhtool2025/full-complete-compressed,,1,group-181
A181_1,181,フクイチへの反省と教訓を無視することはあり得ない。,1_6,2_1,true,793,1,A181_1,dhtool2025/full-complete-compressed,,1,group-181
A181_2,181,事故の責任を誰も取らず、後始末の目処もついていない現実を無視すべきではない。,1_6,2_1,true,207,1,A181_2,dhtool2025/full-complete-compressed,,1,group-181
A181_3,181,原発は論理的科学的判断として非常に不合理である。,1_8,2_41,true,296,1,A181_3,dhtool2025/full-complete-compressed,,1,group-181
A181_4,181,節電、省エネ、再生可能エネルギーに全力で取り組むべきであり、原発回帰に誤誘導するのは悪質である。,1_4,2_0,true,509,1,A181_4,dhtool2025/full-complete-compressed,,1,group-181
A181_5,181,気候変動に原発は寄与せず、放射性物質の悪影響が深刻である。,1_6,2_31,true,162,1,A181_5,dhtool2025/full-complete-compressed,,1,group-181
A181_6,181,エネルギー政策の基本視点（S＋3E）に原発は適合しない。,1_1,2_63,false,1303,2,A103_0,dhtool2025/full-complete-compressed,,1,group-181
A181_7,181,原発は安全でなく、安定供給しない。,1_5,2_52,false,64,2,A96_4,dhtool2025/full-complete-compressed,,1,group-181
A181_8,181,経済効率性が悪く、廃炉や事故処理費用は無限大である。,1_5,2_24,true,728,1,A181_8,dhtool2025/full-complete-compressed,,1,group-181
A181_9,181,環境にも悪影響を及ぼし、原発のメリットは何ひとつない。,1_6,2_31,true,163,1,A181_9,dhtool2025/full-complete-compressed,,1,group-181
A181_10,181,使用済み燃料問題が深刻であり、全原発の稼働は取りやめるべきである。,1_5,2_33,true,366,1,A181_10,dhtool2025/full-complete-compressed,,1,group-181
A181_11,181,木材の活用については放射能汚染を調べるべきであり、汚染された木材やバイオマスの利用は避けるべきである。,1_6,2_6,true,684,1,A181_11,dhtool2025/full-complete-compressed,,1,group-181
A181_12,181,原発の現場で働く労働者の被曝問題は深刻であり、非人道的なエネルギーである。,1_8,2_46,true,176,1,A181_12,dhtool2025/full-complete-compressed,,1,group-181
A181_13,181,人権を考えるなら、原発はあってはならない。,1_8,2_7,true,456,1,A181_13,dhtool2025/full-complete-compressed,,1,group-181
A181_14,181,一刻も早く脱原発の方針を打ち出すべきである。,1_4,2_13,true,505,1,A181_14,dhtool2025/full-complete-compressed,,1,group-181
A182_0,182,審議会での議論や意思決定に、若い世代を含む多様な立場の専門家や環境団体、市民が参加できるようにすべき,1_7,2_16,false,556,4,A300_2,dhtool2025/full-complete-compressed,,1,group-182
A182_0,237,審議会での議論や意思決定に、若い世代を含む多様な立場の専門家や環境団体、市民が参加できるようにすべき,1_7,2_16,false,556,4,A300_2,dhtool2025/full-complete-compressed,,1,group-237
A182_1,182,民主的で透明なプロセスによる「国民的議論」を行うべき,1_7,2_54,false,547,4,A126_3,dhtool2025/full-complete-compressed,,1,group-182
A182_1,237,民主的で透明なプロセスによる「国民的議論」を行うべき,1_7,2_54,false,547,4,A126_3,dhtool2025/full-complete-compressed,,1,group-237
A182_2,182,「2035年までに温室効果ガス60%削減(2013年比)」では不十分で、70～80%削減の野心的な目標を掲げるべき,1_1,2_12,true,798,5,A182_2,dhtool2025/full-complete-compressed,,1,group-182
A182_3,182,「原発依存度の低減」を維持すべき,1_4,2_13,true,416,3,A182_3,dhtool2025/full-complete-compressed,,1,group-182
A182_4,182,地震の多い日本での原発の安全対策が不十分なまま「最大限活用」はありえない,1_6,2_50,false,24,2,A116_2,dhtool2025/full-complete-compressed,,1,group-182
A182_5,182,気候変動対策として、化石燃料からできる限り早く脱却すべき,1_2,2_43,false,870,2,A97_0,dhtool2025/full-complete-compressed,,1,group-182
A182_6,182,ゼロエミ火力は高コストで実用化まで時間がかかりすぎるため、再エネや省エネに投資すべき,1_4,2_9,true,1146,3,A182_6,dhtool2025/full-complete-compressed,,1,group-182
A182_8,182,省エネを進めるため、建物の断熱基準を強化すべき,1_1,2_53,true,815,3,A182_8,dhtool2025/full-complete-compressed,,1,group-182
A183_0,183,太陽光発電の目標を23～29%とするのは高すぎると考える。,1_4,2_22,true,1123,1,A183_0,dhtool2025/full-complete-compressed,,1,group-183
A183_1,183,現状の太陽光発電の導入量は他国に比べて大きく、これ以上の設置可能場所や国土利用の適切性について慎重に考えるべきである。,1_4,2_22,true,1125,1,A183_1,dhtool2025/full-complete-compressed,,1,group-183
A183_2,183,現状の1.5倍、14%程度で十分であり、最大29%は国土に与える影響を考慮すると途方もない設置量である。,1_4,2_22,true,693,1,A183_2,dhtool2025/full-complete-compressed,,1,group-183
A183_3,183,太陽光発電は他電源に比べて発電コストの優位性が特にないため、主力電源に位置づけるのには慎重になるべきである。,1_4,2_22,true,1126,1,A183_3,dhtool2025/full-complete-compressed,,1,group-183
A183_4,183,太陽光パネルの生産を中国に依存していることやリサイクルの課題から、国民の理解醸成が必須である。,1_4,2_22,true,1112,1,A183_4,dhtool2025/full-complete-compressed,,1,group-183
A183_5,183,再エネの比率減少については、火力を3～4割ではなく5割程度までの幅を持つべきである。,1_4,2_9,true,1195,1,A183_5,dhtool2025/full-complete-compressed,,1,group-183
A183_6,183,輸入エネルギー依存の課題はあるが、全体の半分というターゲットは意義がある。,1_4,2_14,true,1341,1,A183_6,dhtool2025/full-complete-compressed,,1,group-183
A183_7,183,米国・豪州などのエネルギー生産国との戦略的関係を考慮すると、日本の選択肢として妥当である。,1_3,2_4,true,1328,1,A183_7,dhtool2025/full-complete-compressed,,1,group-183
A184_0,184,原子力発電には常に危険と不安が伴い、福島第一原発の処理が進まない中で原発依存を固定化または推進する第7次基本計画は問題である。,1_7,2_11,true,1063,1,A184_0,dhtool2025/full-complete-compressed,,1,group-184
A184_1,184,原子力ムラ優先の政策を進めるのではなく、核ゴミの処理・処分が未定のまま進めることは将来にツケを残す原発政策であり、大幅な再考が求められる。,1_8,2_55,true,436,1,A184_1,dhtool2025/full-complete-compressed,,1,group-184
A185_0,185,エネルギー政策は産業構造や産業立地に関する政策と一体で展開する必要がある。,1_1,2_25,true,1312,1,A185_0,dhtool2025/full-complete-compressed,,1,group-185
A185_1,185,データセンターを「ネットゼロエネルギービル」にすることを誘導・奨励し、DXやGXを進めつつ電力需要を抑制すべき。,1_1,2_25,true,1203,1,A185_1,dhtool2025/full-complete-compressed,,1,group-185
A185_2,185,人口減少を考慮し、電力需要の増加見通しが妥当かどうか検証すべき。,1_4,2_0,true,1200,1,A185_2,dhtool2025/full-complete-compressed,,1,group-185
A186_0,186,エネ基から「原発依存度の低減」を削除したことは大きな問題である。,1_4,2_13,false,411,2,A192_1,dhtool2025/full-complete-compressed,,1,group-186
A186_1,186,原子力発電からの脱却を進める方針を明確に記載すべきである。,1_4,2_13,true,544,1,A186_1,dhtool2025/full-complete-compressed,,1,group-186
A187_0,187,再生可能エネルギーの「最優先の原則」を削除した点は問題である。,1_4,2_32,true,1087,2,A187_0,dhtool2025/full-complete-compressed,,1,group-187
A187_1,187,再エネを「最優先」と位置付け、2040年までに電力構成を100％に近づける方向性を示すべきである。,1_1,2_51,true,1301,2,A187_1,dhtool2025/full-complete-compressed,,1,group-187
A188_0,188,石炭火力発電は2030年までに全廃する計画を明記すべきであり、遅くとも2030年前半までの脱石炭を目指す必要がある。,1_2,2_42,false,971,4,A193_0,dhtool2025/full-complete-compressed,,1,group-188
A188_1,188,日本は再生可能エネルギーを積極的に拡大することで、CO2排出のないクリーンな電力を供給し、エネルギー自給率を向上させることが可能である。,1_4,2_14,true,1382,1,A188_1,dhtool2025/full-complete-compressed,,1,group-188
A188_2,188,再生可能エネルギーの導入はエネルギー安全保障、経済効率性、環境適合性、安全性の実現に寄与し、地域活性化や雇用創出にもつながる。,1_4,2_32,false,1085,2,A107_1,dhtool2025/full-complete-compressed,,1,group-188
A188_3,188,国際合意やG7での約束に基づき、化石燃料からの脱却や2030年代前半までの石炭火力廃止を日本のエネルギー基本計画に反映させることが不可欠である。,1_2,2_42,true,974,3,A188_3,dhtool2025/full-complete-compressed,,1,group-188
A188_4,188,政府は持続可能なエネルギー政策への転換を速やかに進めるべきである。,1_1,2_25,true,1370,1,A188_4,dhtool2025/full-complete-compressed,,1,group-188
A189_0,189,再エネ100％を目指す過程で既存のLNG火力発電施設を一定活用することは現実的である,1_2,2_37,true,964,1,A189_0,dhtool2025/full-complete-compressed,,1,group-189
A189_1,189,新規のLNG火力発電施設の建設は進めるべきではない,1_2,2_37,true,961,1,A189_1,dhtool2025/full-complete-compressed,,1,group-189
A189_2,189,段階的にLNG火力発電を廃止することを目指すべきである,1_2,2_37,true,963,2,A189_2,dhtool2025/full-complete-compressed,,1,group-189
A190_0,190,水素やアンモニアはコストが非常に高いため、既存の火力発電所の燃料として利用すべきではない。,1_2,2_21,true,866,2,A190_0,dhtool2025/full-complete-compressed,,1,group-190
A190_1,190,国民負担を増大させる値差支援の仕組みは廃止すべきである。,1_8,2_35,true,597,1,A190_1,dhtool2025/full-complete-compressed,,1,group-190
A191_0,191,CCS（炭素回収・貯留）のような実用化されていない技術に過剰な期待を寄せるべきではない,1_2,2_59,true,905,1,A191_0,dhtool2025/full-complete-compressed,,1,group-191
A191_1,191,火力発電を継続する方針は避けるべきである,1_5,2_30,true,545,1,A191_1,dhtool2025/full-complete-compressed,,1,group-191
A192_0,192,燃やして発電に使ってはならない。水素を燃料電池の原理で発電すべき。,1_3,2_4,true,1040,1,A192_0,dhtool2025/full-complete-compressed,,1,group-192
A192_1,192,第6次エネ基に記載された「原発依存度の低減」を削除していることは問題であり、原発からの脱却を進めることを記載すべき。,1_4,2_13,true,411,2,A192_1,dhtool2025/full-complete-compressed,,1,group-192
A192_2,192,第6次エネ基に記載された再エネの「最優先の原則」を削除したことは問題であり、再エネは「最優先」として2040年までに電力構成の100%に近づける方向性を示すべき。,1_1,2_51,false,1301,2,A187_1,dhtool2025/full-complete-compressed,,1,group-192
A193_0,193,石炭火力は2030年までに全廃すべきであり、遅くとも2030年前半までに脱石炭を示すべきである。,1_2,2_42,true,971,4,A193_0,dhtool2025/full-complete-compressed,,1,group-193
A193_1,193,LNG火力は新規建設を進めるべきではなく、段階的廃止を目指すべきである。,1_2,2_37,false,963,2,A189_2,dhtool2025/full-complete-compressed,,1,group-193
A193_2,193,水素・アンモニアはコストが高く、既存の火力発電所の燃料として利用すべきではない。,1_2,2_21,false,866,2,A190_0,dhtool2025/full-complete-compressed,,1,group-193
A193_3,193,水素やアンモニアのコストが高いことを前提にした国民負担での値差支援のしくみは廃止すべきである。,1_2,2_21,true,598,1,A193_3,dhtool2025/full-complete-compressed,,1,group-193
A193_4,193,CCSなど実用化されていない技術に期待をかけて火力を動かし続けるべきではない。,1_5,2_62,true,906,1,A193_4,dhtool2025/full-complete-compressed,,1,group-193
A193_5,193,再生可能エネルギーの導入を最大限に進めるべきであり、再生可能エネルギー電力を十分に導入した上でグリーン水素の利用拡大を行うべきである。,1_4,2_32,true,1377,1,A193_5,dhtool2025/full-complete-compressed,,1,group-193
A193_6,193,アジア諸国の脱炭素化を支援するための技術輸出は、むしろ排出を増加させる可能性がある。,1_2,2_17,true,941,1,A193_6,dhtool2025/full-complete-compressed,,1,group-193
A193_7,193,原子力の活用には反対であり、原発の運転期間延長は安全上のリスクを高める。,1_8,2_23,true,76,1,A193_7,dhtool2025/full-complete-compressed,,1,group-193
A193_8,193,再エネの導入が抑制されることを懸念している。,1_1,2_25,true,1283,1,A193_8,dhtool2025/full-complete-compressed,,1,group-193
A193_9,193,化石燃料の輸入は日本の貿易収支を悪化させており、再生可能エネルギーに早急に置き換えるべきである。,1_2,2_17,false,879,2,A97_2,dhtool2025/full-complete-compressed,,1,group-193
A194_0,194,理由は重要な要素であり、物事の理解や判断に影響を与える。,1_8,2_2,true,768,1,A194_0,dhtool2025/full-complete-compressed,,1,group-194
A195_0,195,化石エネルギーへの過度な依存からの脱却を目指す方針は、温暖化防止に向けた脱炭素方針に矛盾しているため、基本計画は再検討されるべきである。,1_2,2_43,true,948,1,A195_0,dhtool2025/full-complete-compressed,,1,group-195
A195_1,195,再生可能エネルギーと原子力をともに最大限活用するという考え方は、福島事故を踏まえた原発を低減する方針を覆すものであり、その変更理由が不明なため、国民の意見を無視した一方的な方針転換として批判されるべきである。,1_8,2_55,true,453,1,A195_1,dhtool2025/full-complete-compressed,,1,group-195
A195_2,195,基本計画は破棄され、再生可能エネルギーの最大限の活用に焦点を当てた新たな基本計画が策定されるべきである。,1_7,2_11,true,1266,1,A195_2,dhtool2025/full-complete-compressed,,1,group-195
A195_3,195,再生可能エネルギーの比率を80~100%に引き上げることは現実的であり、AI技術や蓄電池の開発を進めることで実現可能である。,1_4,2_32,false,1106,3,A115_5,dhtool2025/full-complete-compressed,,1,group-195
A195_4,195,原子力や化石燃料企業への投資を停止し、再生可能エネルギーへの支援を強化すれば、持続可能なエネルギー社会への道が開かれる。,1_4,2_44,true,1365,1,A195_4,dhtool2025/full-complete-compressed,,1,group-195
A195_5,195,第7次エネルギー基本計画は破棄され、新たに再生可能エネルギーを中心とした計画を策定することが強く求められる。,1_7,2_11,true,1070,4,A195_5,dhtool2025/full-complete-compressed,,1,group-195
A196_0,196,福島第一原発事故以降、原発は危険であり、発電の縮小が決まったにもかかわらず復活するのは知識のない人々の決定である。,1_6,2_29,true,119,1,A196_0,dhtool2025/full-complete-compressed,,1,group-196
A196_1,196,再生可能エネルギーの普及が進まないのは、原発がその妨げになっているからである。,1_4,2_20,true,1103,1,A196_1,dhtool2025/full-complete-compressed,,1,group-196
A196_2,196,原発避難者の問題解決や放射性廃棄物の処理方法が決まっておらず、放射能の管理が1万年も続くことは不可能である。,1_6,2_6,true,349,1,A196_2,dhtool2025/full-complete-compressed,,1,group-196
A196_3,196,エネルギー基本計画や温暖化対策計画の審議会には原発推進派が多く、委員の偏りが問題である。,1_7,2_16,false,1281,2,A80_0,dhtool2025/full-complete-compressed,,1,group-196
A196_4,196,気候変動の影響を受ける若者や多様な立場の専門家を策定プロセスに加える必要がある。,1_7,2_16,false,552,2,A80_2,dhtool2025/full-complete-compressed,,1,group-196
A197_0,197,市民の参加は意見箱やパブコメに限られている現状を改善すべき,1_7,2_16,false,548,3,A80_3,dhtool2025/full-complete-compressed,,1,group-197
A197_1,197,エネルギーや気候変動対策についての計画を国民にわかりやすく伝え、民主的で透明性の高い議論を行うべき,1_7,2_54,false,1267,2,A80_4,dhtool2025/full-complete-compressed,,1,group-197
A198_0,198,今回のエネルギー基本計画には、省エネについての記述がほとんど見当たらない。,1_7,2_47,true,1252,1,A198_0,dhtool2025/full-complete-compressed,,1,group-198
A198_1,198,原発再稼働ありきの論から脱却し、人口減少している我が国は総発電量を減らすべきだ。,1_4,2_13,true,479,1,A198_1,dhtool2025/full-complete-compressed,,1,group-198
A198_2,198,総発電量を減らしても産業界や生活者が困らないように、徹底した省エネ・創エネ・蓄エネ・再エネを推進すべき。,1_4,2_0,true,1198,1,A198_2,dhtool2025/full-complete-compressed,,1,group-198
A199_0,199,原発再稼働・新設方針の責任者は誰かを明確にすべきである。,1_8,2_46,true,465,1,A199_0,dhtool2025/full-complete-compressed,,1,group-199
A199_1,199,地震大国で事故が起こった場合、方針決定者が責任を取るのか、電力会社の社長が責任を取るのかを明確にすべきである。,1_6,2_27,true,213,1,A199_1,dhtool2025/full-complete-compressed,,1,group-199
A200_0,200,経済成長よりもエネルギー需要削減を優先すべきである。,1_1,2_25,true,611,1,A200_0,dhtool2025/full-complete-compressed,,1,group-200
A200_1,200,原発の依存に反対である。,1_8,2_7,false,219,3,A156_0,dhtool2025/full-complete-compressed,,1,group-200
A200_2,200,日本は過剰なサービスの提供に多くのエネルギーを費やしており、環境の悪化につながっている。,1_2,2_17,true,615,1,A200_2,dhtool2025/full-complete-compressed,,1,group-200
A200_3,200,原発は事故のリスクが高く、再稼働やプルサーマルの稼働は安全余裕が低下する。,1_6,2_57,true,73,1,A200_3,dhtool2025/full-complete-compressed,,1,group-200
A200_4,200,事故が起こった場合、政府や電力会社が汚染や被曝を隠蔽する可能性がある。,1_6,2_31,true,215,1,A200_4,dhtool2025/full-complete-compressed,,1,group-200
A200_5,200,原発のリスクは地方部や過疎部の住民に不公平に負担を強いるものである。,1_6,2_27,true,174,1,A200_5,dhtool2025/full-complete-compressed,,1,group-200
A201_0,201,核のゴミの危険性を未来の世代に押し付けることは正当ではない,1_6,2_49,true,316,1,A201_0,dhtool2025/full-complete-compressed,,1,group-201
A201_1,201,クリーンでない原子力に依存することには賛成できない,1_5,2_36,true,514,1,A201_1,dhtool2025/full-complete-compressed,,1,group-201
A201_2,201,電力需要を削減する前提で原発を活用することには反対,1_5,2_62,true,478,1,A201_2,dhtool2025/full-complete-compressed,,1,group-201
A201_3,201,政府はクリーンなエネルギーで持続可能な社会を構築すべき,1_4,2_44,true,1371,1,A201_3,dhtool2025/full-complete-compressed,,1,group-201
A201_4,201,被爆国の科学者が原発を推進することに疑問を抱く,1_8,2_7,true,11,1,A201_4,dhtool2025/full-complete-compressed,,1,group-201
A201_5,201,過去の過ちを忘れたかのような言動は許されない,1_6,2_1,true,794,1,A201_5,dhtool2025/full-complete-compressed,,1,group-201
A201_6,201,第7次基本計画(案)に反対,1_7,2_47,true,1058,1,A201_6,dhtool2025/full-complete-compressed,,1,group-201
A202_0,202,今回のエネルギー計画案は福島第一原発事故による教訓を忘却した原子力推進施策であり、強く反対する。,1_6,2_29,true,1247,1,A202_0,dhtool2025/full-complete-compressed,,1,group-202
A202_1,202,新型原子炉の開発・稼働を目論むことには驚きを感じる。,1_4,2_39,true,1165,1,A202_1,dhtool2025/full-complete-compressed,,1,group-202
A202_2,202,人類は核エネルギーを取り扱えないという警告に耳を傾けるべきである。,1_5,2_30,true,461,1,A202_2,dhtool2025/full-complete-compressed,,1,group-202
A203_0,203,原発依存度の低減は堅持すべきであり、再生可能エネルギーのさらなる活用が求められる。,1_4,2_13,false,412,3,A354_0,dhtool2025/full-complete-compressed,,1,group-203
A203_1,203,第7次エネルギー基本計画(案)では次世代革新炉の開発・設置を推進すべきである。,1_7,2_11,true,1071,1,A203_1,dhtool2025/full-complete-compressed,,1,group-203
A204_0,204,日本列島は地震や火山噴火が頻発するため、原発とは共存できない。,1_6,2_50,true,18,1,A204_0,dhtool2025/full-complete-compressed,,1,group-204
A204_1,204,原発は放射性廃棄物の処分方法が確立されておらず、問題がある。,1_6,2_6,false,352,2,A39_4,dhtool2025/full-complete-compressed,,1,group-204
A204_2,204,第7次エネルギー基本計画では、原発の取扱いについて従来の方針を引き継ぐよう求める。,1_7,2_11,false,1070,4,A195_5,dhtool2025/full-complete-compressed,,1,group-204
A205_0,205,余った電気で作成するのが水素、アンモニアであり、それを燃やすのは誤りで、燃料電池として電気を作るべきである。,1_3,2_4,true,1041,1,A205_0,dhtool2025/full-complete-compressed,,1,group-205
A205_1,205,水素を燃やすのは、飛行機や製鉄などに限定すべきである。,1_3,2_4,true,1031,1,A205_1,dhtool2025/full-complete-compressed,,1,group-205
A206_0,206,地震は必ずまた来るので、原発は廃炉にしていくべきである。,1_8,2_41,true,26,1,A206_0,dhtool2025/full-complete-compressed,,1,group-206
A206_1,206,新設や増設は狂った所業であり、その費用は国民から取られるべきではない。,1_8,2_35,true,595,1,A206_1,dhtool2025/full-complete-compressed,,1,group-206
A206_2,206,官僚や政治家が原発に加担する理由は金銭的な利益である。,1_8,2_35,true,469,1,A206_2,dhtool2025/full-complete-compressed,,1,group-206
A206_3,206,国民は勉強し、意見を言うべきである。,1_7,2_45,true,583,1,A206_3,dhtool2025/full-complete-compressed,,1,group-206
A206_4,206,原発は脅威であり、他国から攻撃される可能性がある。,1_8,2_23,true,61,1,A206_4,dhtool2025/full-complete-compressed,,1,group-206
A206_5,206,原発を可動式にすることは現実的ではない。,1_8,2_61,true,375,1,A206_5,dhtool2025/full-complete-compressed,,1,group-206
A206_6,206,日本で核を作るために原発を残しているのではないか。,1_5,2_5,true,45,1,A206_6,dhtool2025/full-complete-compressed,,1,group-206
A206_7,206,原発は国家保有にして、電力会社の不良債権にせず廃炉にすべきである。,1_8,2_15,true,467,1,A206_7,dhtool2025/full-complete-compressed,,1,group-206
A206_8,206,電力が足りないなら、地熱を利用すべきである。,1_4,2_60,true,1230,1,A206_8,dhtool2025/full-complete-compressed,,1,group-206
A206_9,206,地下資源が枯渇しないようにするために、アイスランドの視察を行うべきである。,1_4,2_14,true,690,1,A206_9,dhtool2025/full-complete-compressed,,1,group-206
A206_10,206,この法案は廃案にすべきである。,1_7,2_48,true,747,1,A206_10,dhtool2025/full-complete-compressed,,1,group-206
A207_0,207,S+3Eは再エネ100%で完全達成できるべきである。,1_1,2_51,true,1307,1,A207_0,dhtool2025/full-complete-compressed,,1,group-207
A207_1,207,原発や火力（石油・天然ガス、石炭、アンモニア、水素）は使わず、大胆に削減することが目標である。,1_4,2_13,true,1384,1,A207_1,dhtool2025/full-complete-compressed,,1,group-207
A207_2,207,今回の基本計画通りに進むことを願っている。,1_7,2_47,true,753,1,A207_2,dhtool2025/full-complete-compressed,,1,group-207
A208_0,208,国は原子力発電やその廃棄物の問題について積極的に進めるべき,1_6,2_49,true,324,1,A208_0,dhtool2025/full-complete-compressed,,1,group-208
A208_1,208,エネルギーの安定供給は日本の経済成長に必要不可欠である,1_4,2_14,false,1347,2,A137_1,dhtool2025/full-complete-compressed,,1,group-208
A208_2,208,若い人たちが日本の将来を担えるように国が政策を進めるべき,1_1,2_18,true,669,1,A208_2,dhtool2025/full-complete-compressed,,1,group-208
A209_0,209,化石燃料の輸入は外貨の無駄遣いである。,1_2,2_17,true,888,1,A209_0,dhtool2025/full-complete-compressed,,1,group-209
A209_1,209,再エネ100%とすべきである。,1_1,2_51,true,1297,2,A209_1,dhtool2025/full-complete-compressed,,1,group-209
A210_0,210,火力のみに慣性力・同期化力を期待するのは古い。,1_5,2_62,true,1207,1,A210_0,dhtool2025/full-complete-compressed,,1,group-210
A210_1,210,今後、優れたインバータとネットワークで同様のことができる。,1_4,2_9,true,1190,1,A210_1,dhtool2025/full-complete-compressed,,1,group-210
A210_2,210,火力は全廃すべき。,1_8,2_15,true,993,1,A210_2,dhtool2025/full-complete-compressed,,1,group-210
A211_0,211,NDCの未達の保険に化石燃料の使用を想定することは間違いである。,1_2,2_17,true,893,1,A211_0,dhtool2025/full-complete-compressed,,1,group-211
A211_1,211,気候変動は待ったなしであり、人類文明の滅亡の危機感をもって化石燃料の使用を全廃し再エネ100%とすべき。,1_2,2_43,true,824,1,A211_1,dhtool2025/full-complete-compressed,,1,group-211
A212_0,212,日本の地下の状況から、日本ではCSS敵地はない。,1_5,2_5,true,791,1,A212_0,dhtool2025/full-complete-compressed,,1,group-212
A212_1,212,CSSを前提にすべきではない。,1_5,2_5,true,792,1,A212_1,dhtool2025/full-complete-compressed,,1,group-212
A212_2,212,再エネ100%を早急に実現すべき。,1_1,2_51,false,1297,2,A209_1,dhtool2025/full-complete-compressed,,1,group-212
A213_0,213,DX・GXの電力需要増加予測は、過大な見積もりである。,1_4,2_0,true,1204,1,A213_0,dhtool2025/full-complete-compressed,,1,group-213
A214_0,214,原子力利用には反対である。,1_5,2_30,false,223,4,A71_0,dhtool2025/full-complete-compressed,,1,group-214
A214_1,214,原子力のコストを欧米に比べて低く見積もりすぎている。,1_5,2_38,true,253,1,A214_1,dhtool2025/full-complete-compressed,,1,group-214
A214_2,214,危険な原発廃棄物の処理方法が決まっていないため、原発コストも算出不可能であり、経済的メリットはない。,1_5,2_24,true,285,1,A214_2,dhtool2025/full-complete-compressed,,1,group-214
A214_3,214,原子力の統合コストが自然エネルギーより安いというのは誤りである。,1_5,2_38,true,254,1,A214_3,dhtool2025/full-complete-compressed,,1,group-214
A214_4,214,原子力はメンテナンスや事故でしばしば停止するため、安定電源と位置づけるのは間違いである。,1_5,2_52,true,66,1,A214_4,dhtool2025/full-complete-compressed,,1,group-214
A215_0,215,原発の安全性確保は完全にはできないため、使用すべきではない。,1_5,2_52,true,96,1,A215_0,dhtool2025/full-complete-compressed,,1,group-215
A215_1,215,原発の安全性確保には膨大な費用がかかる。,1_5,2_10,true,300,1,A215_1,dhtool2025/full-complete-compressed,,1,group-215
A215_2,215,事故時の避難が確立されていない。,1_6,2_27,true,195,1,A215_2,dhtool2025/full-complete-compressed,,1,group-215
A216_0,216,原子力はミサイル攻撃されると原爆が投下されたのと同じことになるため、安全保障上危険である。,1_6,2_57,true,55,1,A216_0,dhtool2025/full-complete-compressed,,1,group-216
A216_1,216,原子力は使うべきではない。,1_5,2_5,false,379,2,A76_5,dhtool2025/full-complete-compressed,,1,group-216
A217_0,217,エネルギー基本計画の原発活用や新設の方針は憲法第25条の生存権に違反する可能性がある。,1_7,2_11,true,749,1,A217_0,dhtool2025/full-complete-compressed,,1,group-217
A217_1,217,災害関連死を防ぐためには、要介護者や障害者が通常通りの医療や介護を受けられる環境を整えることが最優先である。,1_6,2_29,true,211,1,A217_1,dhtool2025/full-complete-compressed,,1,group-217
A217_2,217,原発の温存は地域に大きな負担をかけるため、再生可能エネルギーと蓄電池の方向性が最も正しい。,1_4,2_39,true,511,1,A217_2,dhtool2025/full-complete-compressed,,1,group-217
A217_3,217,憲法の生存権に関して違憲の可能性がある内容で計画を立てるべきではなく、計画の作り直しが適切である。,1_7,2_48,true,750,1,A217_3,dhtool2025/full-complete-compressed,,1,group-217
A218_0,218,「原発依存度を提言する」という方針が削除されたことは、これまでの基本計画からの転換であり問題である。,1_4,2_13,false,410,3,A96_0,dhtool2025/full-complete-compressed,,1,group-218
A218_1,218,原子力に慎重な姿勢を崩さないでほしい。,1_5,2_62,true,542,1,A218_1,dhtool2025/full-complete-compressed,,1,group-218
A219_0,219,「再エネ最優先」というこれまでの方針が削除されたことは非常に問題である。,1_1,2_25,true,1302,1,A219_0,dhtool2025/full-complete-compressed,,1,group-219
A220_0,220,石炭、天然ガスの低減方針が削除されているのは大きな問題である。,1_2,2_3,true,912,1,A220_0,dhtool2025/full-complete-compressed,,1,group-220
A221_0,221,再エネ中心でエネルギー転換をすべきである。,1_1,2_25,true,1299,1,A221_0,dhtool2025/full-complete-compressed,,1,group-221
A221_1,221,再エネをいきわたらせることを国が目標としてほしい。,1_1,2_25,true,1287,1,A221_1,dhtool2025/full-complete-compressed,,1,group-221
A221_2,221,国際的には再エネ中心の方向になっている。,1_1,2_25,true,1300,1,A221_2,dhtool2025/full-complete-compressed,,1,group-221
A222_0,222,原子力発電所は必ずトラブルが起き、安全ではない。,1_5,2_52,true,65,1,A222_0,dhtool2025/full-complete-compressed,,1,group-222
A222_1,222,原子力発電所の停止中に火力発電を動かすことで大量のCO2が排出されている。,1_2,2_59,true,918,1,A222_1,dhtool2025/full-complete-compressed,,1,group-222
A222_2,222,地震大国の日本で福島のような事故が再発する可能性を忘れてはいけない。,1_6,2_1,true,27,2,A222_2,dhtool2025/full-complete-compressed,,1,group-222
A222_3,222,福島の廃炉の目途が立っていない。,1_6,2_19,true,135,1,A222_3,dhtool2025/full-complete-compressed,,1,group-222
A222_4,222,原子力発電所から出る廃棄物の処理場が決まらず、核のごみが増え続けている。,1_6,2_49,true,346,1,A222_4,dhtool2025/full-complete-compressed,,1,group-222
A223_0,223,原発依存度を可能な限り低減するという方針を放棄するべきではない。,1_4,2_13,false,418,3,A116_0,dhtool2025/full-complete-compressed,,1,group-223
A224_0,224,日本には原子力発電は向いていない,1_5,2_5,true,39,3,A224_0,dhtool2025/full-complete-compressed,,1,group-224
A224_1,224,古い原発は廃炉にすべき,1_8,2_15,true,396,2,A224_1,dhtool2025/full-complete-compressed,,1,group-224
A224_2,224,国民の生命と財産を守るのは国の義務である,1_8,2_28,true,625,1,A224_2,dhtool2025/full-complete-compressed,,1,group-224
A225_0,225,原子力発電を「必要な規模を持続的に活用していく」のはあり得ない。,1_5,2_5,false,529,2,A60_7,dhtool2025/full-complete-compressed,,1,group-225
A225_1,225,原発は福島の土地を放射能で汚染し、命や生活、産業、思い出を奪った。,1_6,2_31,true,177,1,A225_1,dhtool2025/full-complete-compressed,,1,group-225
A225_2,225,廃炉作業は終わりが見えず、福島は二度と戻ってこない。,1_6,2_19,true,136,1,A225_2,dhtool2025/full-complete-compressed,,1,group-225
A225_3,225,原発問題は人権の問題であり、安心して暮らすために重要である。,1_8,2_41,true,457,1,A225_3,dhtool2025/full-complete-compressed,,1,group-225
A225_4,225,原発による犠牲が再び生まれるくらいなら、電力の安定確保は必要ない。,1_5,2_5,true,70,1,A225_4,dhtool2025/full-complete-compressed,,1,group-225
A225_5,225,原発は安定的に発電可能な脱炭素電源ではない。,1_5,2_52,true,521,1,A225_5,dhtool2025/full-complete-compressed,,1,group-225
A225_6,225,気候変動を止めるためには人権のことも考えるべきである。,1_1,2_8,true,833,1,A225_6,dhtool2025/full-complete-compressed,,1,group-225
A226_0,226,原子力発電の依存度を低減するべきであり、再稼働や新設に反対である。,1_5,2_62,false,539,3,A469_0,dhtool2025/full-complete-compressed,,1,group-226
A226_1,226,再生可能エネルギー（太陽光、風力、地熱）の活用を最大限推進すべきである。,1_4,2_20,false,1233,3,A133_7,dhtool2025/full-complete-compressed,,1,group-226
A226_2,226,全ての石炭火力発電を再生可能エネルギーに転換し、操業を停止すべきである。,1_2,2_3,false,991,2,A23_5,dhtool2025/full-complete-compressed,,1,group-226
A227_0,227,原子力発電は地震や戦争等の事故によって著しく危険であるため、反対である。,1_5,2_30,true,36,1,A227_0,dhtool2025/full-complete-compressed,,1,group-227
A227_1,227,環境汚染を及ぼす可能性のある大規模太陽光発電にも反対である。,1_4,2_22,true,1115,1,A227_1,dhtool2025/full-complete-compressed,,1,group-227
A228_0,228,太陽光発電は山や農地を減らすため、自然や食料需給を減らすので反対である。,1_4,2_22,true,1116,1,A228_0,dhtool2025/full-complete-compressed,,1,group-228
A228_1,228,地域に基づいて小型原発炉を地方自治体で運営すべきである。,1_8,2_28,true,421,1,A228_1,dhtool2025/full-complete-compressed,,1,group-228
A228_2,228,大気発電を研究し、地方自治を進めるべきである。,1_8,2_2,true,422,1,A228_2,dhtool2025/full-complete-compressed,,1,group-228
A228_3,228,今後10年から20年単位で海洋資源開発を行い、エネルギー源としたい。,1_1,2_51,true,1358,1,A228_3,dhtool2025/full-complete-compressed,,1,group-228
A228_4,228,ロシアなど近隣国と融和を図り、エネルギーを分けてもらいたい。,1_4,2_14,true,1327,1,A228_4,dhtool2025/full-complete-compressed,,1,group-228
A229_0,229,本計画に断固反対致します。,1_7,2_48,true,240,1,A229_0,dhtool2025/full-complete-compressed,,1,group-229
A230_0,230,原発に反対し、廃炉を賛成するべきである。,1_8,2_7,false,218,2,A42_2,dhtool2025/full-complete-compressed,,1,group-230
A230_0,346,原発に反対し、廃炉を賛成するべきである。,1_8,2_7,false,218,2,A42_2,dhtool2025/full-complete-compressed,,1,group-346
A230_1,230,デブリを一つも取り出せない状況である。,1_6,2_34,true,309,3,A230_1,dhtool2025/full-complete-compressed,,1,group-230
A230_2,230,水素社会へ早急に移行すべきである。,1_3,2_26,true,1000,3,A230_2,dhtool2025/full-complete-compressed,,1,group-230
A231_0,231,日本をこれ以上壊すべきではない。,1_8,2_61,true,659,1,A231_0,dhtool2025/full-complete-compressed,,1,group-231
A232_0,232,2011年の東京電力福島第一原発事故は未だ収束しておらず、多くの人々が故郷や生業、生きがいを失った。,1_6,2_19,true,107,1,A232_0,dhtool2025/full-complete-compressed,,1,group-232
A232_1,232,政府は被害者救済や事故の原因究明、福島第一原発施設の安全確保、事故の教訓の伝承を最優先すべきである。,1_6,2_29,false,125,2,A147_3,dhtool2025/full-complete-compressed,,1,group-232
A232_2,232,脱原発を目指し、再生可能エネルギー施策への財政投入を最優先で進めるべきである。,1_4,2_0,true,503,2,A232_2,dhtool2025/full-complete-compressed,,1,group-232
A233_0,233,川内原発の20年延長は住民の意見を無視して稼働されている,1_8,2_46,true,485,1,A233_0,dhtool2025/full-complete-compressed,,1,group-233
A233_1,233,南海トラフ地震が懸念される中での原発稼働はありえない,1_6,2_50,true,8,2,A233_1,dhtool2025/full-complete-compressed,,1,group-233
A233_2,233,洋上風力計画は住民の「安心して生活する」という基本的な生活に影響を与えるため反対する,1_8,2_40,true,234,1,A233_2,dhtool2025/full-complete-compressed,,1,group-233
A234_0,234,時代は水素であり、車の燃料も水素エネルギーであるべきだ。,1_3,2_58,true,1010,1,A234_0,dhtool2025/full-complete-compressed,,1,group-234
A234_1,234,地震大国日本において原子力はダメである。,1_6,2_50,true,21,2,A234_1,dhtool2025/full-complete-compressed,,1,group-234
A235_0,235,太陽光発電の推進はやめるべきである。,1_4,2_22,true,1113,2,A235_0,dhtool2025/full-complete-compressed,,1,group-235
A235_1,235,パネルリサイクルの対策を進めてほしい。,1_4,2_22,true,679,1,A235_1,dhtool2025/full-complete-compressed,,1,group-235
A235_2,235,太陽光発電のパネルが火災を引き起こすことに対する恐怖を感じている。,1_4,2_22,true,1124,1,A235_2,dhtool2025/full-complete-compressed,,1,group-235
A236_0,236,日本は排出大国としての責任から2035年に80％削減を目指すべきである。,1_1,2_12,false,812,2,A94_1,dhtool2025/full-complete-compressed,,1,group-236
A236_1,236,2030年に60％削減、2035年に80％削減を目指すべきであり、特に電力セクターでの大幅削減が鍵である。,1_1,2_12,true,811,1,A236_1,dhtool2025/full-complete-compressed,,1,group-236
A236_2,236,原発・石炭火力から脱却し、再生可能エネルギーを普及させる必要がある。,1_4,2_14,false,1378,2,A53_0,dhtool2025/full-complete-compressed,,1,group-236
A236_3,236,エネルギー基本計画案は修正すべきである。,1_7,2_11,false,1059,2,A85_2,dhtool2025/full-complete-compressed,,1,group-236
A238_1,238,石炭火力発電はLNG火力発電の約2倍のCO2を排出し、地球温暖化を加速させるため、全廃が必要である。,1_2,2_37,false,951,3,A372_1,dhtool2025/full-complete-compressed,,1,group-238
A238_2,238,日本は国際社会から厳しい視線を向けられないためにも、石炭火力全廃に向けた目標や具体的計画を示すべきである。,1_2,2_42,true,985,2,A238_2,dhtool2025/full-complete-compressed,,1,group-238
A239_0,239,COP28で合意した化石燃料からの脱却を目指し、特に石炭火力については廃止年を明確に示すべきである。,1_2,2_3,false,995,4,A243_1,dhtool2025/full-complete-compressed,,1,group-239
A239_1,239,石炭火力発電はLNG火力発電の約2倍のCO2を排出し、地球温暖化を加速させるため、国際エネルギー機関（IEA）の提言に従い、先進国は2030年、世界全体では2040年までに石炭火力を全廃すべきである。,1_2,2_42,false,951,3,A372_1,dhtool2025/full-complete-compressed,,1,group-239
A239_2,239,日本はCOP28で「化石燃料からの脱却」に合意し、G7サミットでは「2035年の電力部門の完全または大宗の脱炭素化」「2030年代前半での対策のとられていない石炭火力の段階的廃止」に合意したため、これらの国際合意を果たすためには2030年代前半までに石炭火力をゼロにする必要がある。,1_2,2_42,true,978,2,A239_2,dhtool2025/full-complete-compressed,,1,group-239
A240_0,240,国は石炭火力の廃止時期を明確に示すべきである。,1_2,2_3,true,998,2,A240_0,dhtool2025/full-complete-compressed,,1,group-240
A240_1,240,事業者の自主的な取り組みだけでは1.5℃目標に整合する形での石炭火力廃止は進まない。,1_2,2_42,true,997,2,A240_1,dhtool2025/full-complete-compressed,,1,group-240
A240_2,240,2033年度末までに廃止される石炭火力は全体の約5％に過ぎず、これでは国の目標達成は不可能である。,1_2,2_42,false,970,3,A244_1,dhtool2025/full-complete-compressed,,1,group-240
A241_0,241,G7は2030年代前半に石炭火力を段階的に廃止することに合意していることを明示すべきである。,1_2,2_42,false,974,3,A188_3,dhtool2025/full-complete-compressed,,1,group-241
A241_0,376,G7は2030年代前半に石炭火力を段階的に廃止することに合意していることを明示すべきである。,1_2,2_42,false,974,3,A188_3,dhtool2025/full-complete-compressed,,1,group-376
A241_1,241,G7合意の「多様な道筋」には石炭火力発電所を利用し続けることは含まれていない。,1_2,2_42,true,975,1,A241_1,dhtool2025/full-complete-compressed,,1,group-241
A241_1,376,G7合意の「多様な道筋」には石炭火力発電所を利用し続けることは含まれていない。,1_2,2_42,true,975,1,A241_1,dhtool2025/full-complete-compressed,,1,group-376
A241_2,241,日本の石炭火力全廃に向けた取り組みが失速する懸念があるため、誤ったメッセージを国民や事業者に与えないようにすべきである。,1_2,2_3,true,983,1,A241_2,dhtool2025/full-complete-compressed,,1,group-241
A242_0,242,排出削減対策が講じられていない石炭火力発電のフェーズアウトが必要である。,1_2,2_3,true,981,3,A242_0,dhtool2025/full-complete-compressed,,1,group-242
A242_1,242,排出削減対策が講じられていない新規の石炭火力発電所の建設を終了させる取り組みが必要である。,1_2,2_3,false,981,3,A242_0,dhtool2025/full-complete-compressed,,1,group-242
A242_2,242,排出削減対策が講じられていない石炭火力発電のフェーズダウンに向けた取り組みを加速すべきである。,1_2,2_3,false,981,3,A242_0,dhtool2025/full-complete-compressed,,1,group-242
A242_3,242,排出削減対策の講じられている石炭火力の定義を明確に示すべきである。,1_2,2_3,true,980,2,A242_3,dhtool2025/full-complete-compressed,,1,group-242
A242_3,377,排出削減対策の講じられている石炭火力の定義を明確に示すべきである。,1_2,2_3,true,980,2,A242_3,dhtool2025/full-complete-compressed,,1,group-377
A242_4,242,化石燃料であっても脱炭素化の技術を活用しながら段階的にCNに向かうことが重要である。,1_2,2_43,true,883,1,A242_4,dhtool2025/full-complete-compressed,,1,group-242
A242_5,242,各国の状況を踏まえた取り組みが、世界全体での脱炭素化を進めるために重要である。,1_2,2_43,true,939,1,A242_5,dhtool2025/full-complete-compressed,,1,group-242
A242_6,242,COP28やG7での国際合意との整合性に留意すべきである。,1_2,2_42,true,852,1,A242_6,dhtool2025/full-complete-compressed,,1,group-242
A242_7,242,1.5℃目標を目指す重要性についても記述すべきである。,1_1,2_12,true,836,1,A242_7,dhtool2025/full-complete-compressed,,1,group-242
A243_1,243,火力の脱炭素化ではなく、化石燃料からの脱却を目指し、特に石炭火力については廃止年を明確に示すべきである。,1_2,2_3,true,995,4,A243_1,dhtool2025/full-complete-compressed,,1,group-243
A244_0,244,事業者の自主的な取り組みによる石炭火力の廃止は進まないため、国として廃止時期を明確に示すべきである。,1_2,2_3,false,998,2,A240_0,dhtool2025/full-complete-compressed,,1,group-244
A244_1,244,2033年度末までに事業者の自主的な取り組みで廃止される石炭火力は全体の約5％に過ぎず、これでは1.5℃目標や2030年度の目標、2050年ネットゼロ目標の達成ができない。,1_2,2_42,true,970,3,A244_1,dhtool2025/full-complete-compressed,,1,group-244
A245_0,245,脱石炭に向けた国際合意についての記述が不十分で誤解を招くため、G7合意の内容を明確に記述すべきである。,1_2,2_42,true,853,1,A245_0,dhtool2025/full-complete-compressed,,1,group-245
A245_1,245,石炭火力の排出削減対策の定義を明確に示さないままでは、石炭火力の温存につながるため、IPCCの定義を記載すべきである。,1_2,2_3,false,980,2,A242_3,dhtool2025/full-complete-compressed,,1,group-245
A245_2,245,GX 2040ビジョンにおいて、国際合意との整合性や1.5℃目標の重要性についても記述すべきである。,1_1,2_12,true,837,1,A245_2,dhtool2025/full-complete-compressed,,1,group-245
A246_0,246,アンモニアやCCUS等を活用した脱炭素化は目指すべきではなく、長期脱炭素電源オークション等による促進策は見直すべき。,1_2,2_59,true,901,2,A246_0,dhtool2025/full-complete-compressed,,1,group-246
A246_1,246,火力の脱炭素化ではなく、化石燃料からの脱却を掲げ、特に石炭火力については廃止年を明確に示すべき。,1_2,2_3,false,995,4,A243_1,dhtool2025/full-complete-compressed,,1,group-246
A246_1,379,火力の脱炭素化ではなく、化石燃料からの脱却を掲げ、特に石炭火力については廃止年を明確に示すべき。,1_2,2_3,false,995,4,A243_1,dhtool2025/full-complete-compressed,,1,group-379
A246_2,246,石炭ガス化複合発電（IGCC）等の次世代の高効率火力発電技術の開発を推進する記述は削除すべき。,1_2,2_3,true,1154,1,A246_2,dhtool2025/full-complete-compressed,,1,group-246
A246_2,380,石炭ガス化複合発電（IGCC）等の次世代の高効率火力発電技術の開発を推進する記述は削除すべき。,1_2,2_3,true,1154,1,A246_2,dhtool2025/full-complete-compressed,,1,group-380
A247_0,247,次世代エネルギーは再生可能エネルギーから製造されるグリーンなものに限定して進めるべきである。,1_4,2_32,true,1314,1,A247_0,dhtool2025/full-complete-compressed,,1,group-247
A247_1,247,次世代エネルギーを温室効果ガスを排出する化石燃料から製造しては本末転倒である。,1_2,2_17,true,1316,1,A247_1,dhtool2025/full-complete-compressed,,1,group-247
A247_2,247,次世代エネルギーは国産を目指すべきである。,1_4,2_14,true,1315,1,A247_2,dhtool2025/full-complete-compressed,,1,group-247
A247_3,247,再生可能エネルギーで製造した水素等のみに限定するべきである。,1_3,2_4,true,1036,1,A247_3,dhtool2025/full-complete-compressed,,1,group-247
A247_4,247,次世代エネルギーを海外から輸送することは温室効果ガスを排出し、多額のコストがかかり、エネルギー安全保障上の問題を生じる。,1_2,2_59,true,1317,1,A247_4,dhtool2025/full-complete-compressed,,1,group-247
A248_0,248,水素社会推進法に基づく低炭素水素等のサプライチェーン構築のための支援は見直すべきである。,1_3,2_26,true,1004,1,A248_0,dhtool2025/full-complete-compressed,,1,group-248
A248_1,248,水素は化石燃料由来のものが推進されており、コストがかかる上に気候変動対策としての効果が低い。,1_3,2_56,true,862,2,A248_1,dhtool2025/full-complete-compressed,,1,group-248
A248_2,248,化石燃料インフラを延命させる可能性が高いため、このような技術に政策として多額の支援を付けるべきではない。,1_2,2_17,true,882,1,A248_2,dhtool2025/full-complete-compressed,,1,group-248
A249_0,249,電力分野は再生可能エネルギーというクリーンな代替手段が確立されているため、水素等を使用するべきではない。,1_3,2_56,true,1027,1,A249_0,dhtool2025/full-complete-compressed,,1,group-249
A249_1,249,水素等は化石燃料由来のものでコストがかかり、気候変動対策としての効果が低い。,1_3,2_56,false,862,2,A248_1,dhtool2025/full-complete-compressed,,1,group-249
A249_2,249,混焼・専焼の技術は商用化できておらず、火力を延命する口実となっている。,1_5,2_36,true,908,1,A249_2,dhtool2025/full-complete-compressed,,1,group-249
A250_0,250,アンモニアに対する政策として多額の支援を付けるべきではない。,1_2,2_21,true,861,1,A250_0,dhtool2025/full-complete-compressed,,1,group-250
A250_1,250,アンモニアは化石燃料由来でコストがかかり、気候変動対策としての効果が低い。,1_2,2_21,true,859,1,A250_1,dhtool2025/full-complete-compressed,,1,group-250
A250_1,251,アンモニアは化石燃料由来でコストがかかり、気候変動対策としての効果が低い。,1_2,2_21,true,859,1,A250_1,dhtool2025/full-complete-compressed,,1,group-251
A250_2,250,アンモニアの燃料利用は大気汚染を悪化させ、生物多様性を悪化させる可能性がある。,1_2,2_21,true,860,1,A250_2,dhtool2025/full-complete-compressed,,1,group-250
A251_0,251,気候変動対策にならない技術を海外へ展開しようとする記載は見直すべきである。,1_1,2_8,true,818,2,A251_0,dhtool2025/full-complete-compressed,,1,group-251
A252_0,252,気候変動対策にならない技術を制度的に支援することは見直すべきである。,1_1,2_8,false,818,2,A251_0,dhtool2025/full-complete-compressed,,1,group-252
A252_1,252,合成メタンの製造は化石燃料由来の水素を使用しており、コストが高く気候変動対策としての効果が低い。,1_3,2_56,true,863,1,A252_1,dhtool2025/full-complete-compressed,,1,group-252
A252_2,252,支援制度は地域の廃棄物や食品残渣をもとにしたバイオメタンに限るべきである。,1_4,2_0,true,680,1,A252_2,dhtool2025/full-complete-compressed,,1,group-252
A253_0,253,化石燃料価格のボラティリティが大きく上昇する可能性があると認識しながらも、火力発電を残していることは問題である。,1_2,2_17,true,1214,1,A253_0,dhtool2025/full-complete-compressed,,1,group-253
A253_1,253,燃料輸入に頼るエネルギー政策は根本的に見直すべきである。,1_1,2_25,true,885,1,A253_1,dhtool2025/full-complete-compressed,,1,group-253
A253_1,476,燃料輸入に頼るエネルギー政策は根本的に見直すべきである。,1_1,2_25,true,885,1,A253_1,dhtool2025/full-complete-compressed,,1,group-476
A253_2,253,燃料価格の変動による電気代の高騰を補助金で緩和することは根本的な解決にならない。,1_1,2_18,true,245,1,A253_2,dhtool2025/full-complete-compressed,,1,group-253
A253_3,253,燃料依存が続く限り、日本のエネルギー自給率は低いままとなる。,1_2,2_17,true,244,2,A253_3,dhtool2025/full-complete-compressed,,1,group-253
A253_4,253,燃料価格の影響による電気代高騰や消費者負担が軽減されない。,1_1,2_18,true,246,1,A253_4,dhtool2025/full-complete-compressed,,1,group-253
A254_0,254,高コストな水素・アンモニアを発電燃料として利用することは、隠された国民負担を増加させる。,1_2,2_21,true,867,1,A254_0,dhtool2025/full-complete-compressed,,1,group-254
A254_1,254,コスト高な低炭素水素の利活用は、他に代替手段のないセクターに限定すべきである。,1_3,2_4,true,1025,1,A254_1,dhtool2025/full-complete-compressed,,1,group-254
A254_2,254,再エネという代替手段のある電力セクターにおいて、コストが高く環境負荷の削減も確約できない水素およびアンモニア燃料の利活用を拡大することは賛同できない。,1_3,2_4,true,1028,1,A254_2,dhtool2025/full-complete-compressed,,1,group-254
A254_3,254,低炭素水素の活用分野については優先度を考え、電力部門での利用を促進すべきではない。,1_3,2_4,true,1026,1,A254_3,dhtool2025/full-complete-compressed,,1,group-254
A254_4,254,ブルー／グリーン水素またはアンモニアの製造コストは高く、発電コストも非常に高額になる。,1_2,2_21,true,868,1,A254_4,dhtool2025/full-complete-compressed,,1,group-254
A254_5,254,価格差補填は国費の流出であり、国民に長期的な負担を強いることになる。,1_8,2_35,true,599,1,A254_5,dhtool2025/full-complete-compressed,,1,group-254
A255_0,255,再生可能エネルギーの導入を「最優先」として位置づけるべきである。,1_4,2_32,false,1087,2,A187_0,dhtool2025/full-complete-compressed,,1,group-255
A255_1,255,再生可能エネルギーの導入を最優先して着実に取り組まなければ、2050年カーボンニュートラルは達成できない。,1_2,2_17,true,897,1,A255_1,dhtool2025/full-complete-compressed,,1,group-255
A256_0,256,原発に反対するべきである。,1_8,2_7,false,217,5,A268_0,dhtool2025/full-complete-compressed,,98,group-256
A256_0,357,原発に反対するべきである。,1_8,2_7,false,217,5,A268_0,dhtool2025/full-complete-compressed,,165,group-357
A256_0,361,原発に反対するべきである。,1_8,2_7,false,217,5,A268_0,dhtool2025/full-complete-compressed,,1,group-361
A257_0,257,原発の再稼働及び新たな原発建設に強く反対するべきである。,1_8,2_46,false,230,7,A343_1,dhtool2025/full-complete-compressed,,1,group-257
A257_1,257,原発は事故が起きれば取り返しのつかない影響を及ぼす可能性があり、そのリスクを冒すべきではない。,1_6,2_57,true,289,1,A257_1,dhtool2025/full-complete-compressed,,1,group-257
A257_2,257,福島第一原発事故からの課題が未解決のままであり、再稼働は危険で持続可能なエネルギー政策に逆行する。,1_6,2_29,true,129,1,A257_2,dhtool2025/full-complete-compressed,,1,group-257
A257_3,257,再生可能エネルギー技術の進展により、原発に頼る必要性は薄れている。,1_4,2_20,false,1073,6,A370_7,dhtool2025/full-complete-compressed,,1,group-257
A257_4,257,未来を見据えたエネルギー政策を選択し、環境に優しく、安全で持続可能な社会を築くべきである。,1_1,2_8,true,1368,1,A257_4,dhtool2025/full-complete-compressed,,1,group-257
A257_5,257,原発依存から脱却し、持続可能で平和的なエネルギー社会への転換を求める。,1_4,2_44,true,1366,1,A257_5,dhtool2025/full-complete-compressed,,1,group-257
A257_6,257,企業団体献金を禁止し、正しい判断を促す必要がある。,1_8,2_35,true,738,1,A257_6,dhtool2025/full-complete-compressed,,1,group-257
A258_0,258,再エネを最優先して導入を進める必要がある。,1_1,2_25,true,1290,1,A258_0,dhtool2025/full-complete-compressed,,1,group-258
A258_1,258,再生可能エネルギーの割合をより高めていく必要がある。,1_4,2_32,false,1098,5,A38_0,dhtool2025/full-complete-compressed,,1,group-258
A258_2,258,再エネの目標を低くすることがあってはならない。,1_1,2_51,true,1288,1,A258_2,dhtool2025/full-complete-compressed,,1,group-258
A259_0,259,再生可能エネルギーを最大限導入するためには抜本的な政策を講じる必要がある。,1_4,2_14,true,1088,2,A259_0,dhtool2025/full-complete-compressed,,1,group-259
A259_1,259,第7次エネルギー基本計画案では再エネ導入の妨げとなる要因に対する抜本的な対応策が欠如している。,1_7,2_11,false,1066,4,A76_0,dhtool2025/full-complete-compressed,,1,group-259
A259_2,259,再エネを最大限導入するためには、給電ルールの変更や送電網への接続補償、費用負担ルールの見直しが必要である。,1_1,2_25,true,1188,1,A259_2,dhtool2025/full-complete-compressed,,1,group-259
A260_0,260,再エネの発電コストが過小評価されており、政策的な位置づけが低くなっているため、実態に即して見直すべきである。,1_4,2_60,true,255,1,A260_0,dhtool2025/full-complete-compressed,,1,group-260
A260_1,260,風力発電の政策経費が高くなりすぎており、実際の発電コストを反映していない。,1_5,2_38,true,257,1,A260_1,dhtool2025/full-complete-compressed,,1,group-260
A260_2,260,再エネの経済性については、積極的な措置を執るべきである。,1_1,2_25,true,1291,1,A260_2,dhtool2025/full-complete-compressed,,1,group-260
A260_3,260,原子力発電のコストは過小評価されており、国民が判断できるように公正な評価を行うべきである。,1_5,2_38,true,256,1,A260_3,dhtool2025/full-complete-compressed,,1,group-260
A261_0,261,第7次エネルギー基本計画（案）は、論証なしの決めつけが計画案を誤誘導している。,1_7,2_47,false,1066,4,A76_0,dhtool2025/full-complete-compressed,,1,group-261
A261_1,261,日本は温室効果ガスの削減において高い水準の計画が求められるが、政府案は低すぎる。,1_1,2_12,true,843,1,A261_1,dhtool2025/full-complete-compressed,,1,group-261
A261_2,261,火力発電は二酸化炭素排出の最大の要因であり、2030年までに廃止すべきである。,1_2,2_42,true,973,1,A261_2,dhtool2025/full-complete-compressed,,1,group-261
A261_3,261,原子力発電の依存を低減する方針を撤回し、原発を最大限活用することは受け入れられない。,1_5,2_62,false,494,3,A42_0,dhtool2025/full-complete-compressed,,1,group-261
A261_4,261,省エネルギーは倍以上の6割削減を目指すべきであり、再生可能エネルギーの拡大に力を入れる必要がある。,1_4,2_32,true,1197,1,A261_4,dhtool2025/full-complete-compressed,,1,group-261
A261_5,261,エネルギー政策に関する審議は民主的で透明性のある形で行われるべきである。,1_7,2_54,true,1269,2,A261_5,dhtool2025/full-complete-compressed,,1,group-261
A262_0,262,原発の新設には反対である。,1_8,2_40,false,226,9,A442_1,dhtool2025/full-complete-compressed,,419,group-262
A263_0,263,原発は不要である。,1_8,2_61,false,382,3,A452_2,dhtool2025/full-complete-compressed,,1,group-263
A263_1,263,日本国内の原発がミサイルの標的になる危険がある。,1_8,2_23,true,56,1,A263_1,dhtool2025/full-complete-compressed,,1,group-263
A263_2,263,自民党は腐っているが、青山繁晴議員の主張する燃料を使えば原発は要らない。,1_8,2_2,true,638,1,A263_2,dhtool2025/full-complete-compressed,,1,group-263
A263_3,263,トヨタ自動車は水素を使う車を製造している。,1_3,2_58,true,1021,2,A263_3,dhtool2025/full-complete-compressed,,1,group-263
A263_4,263,太陽光発電や原発を支持することは時代遅れである。,1_4,2_22,true,488,1,A263_4,dhtool2025/full-complete-compressed,,1,group-263
A263_5,263,次の選挙では自民党、公明党、維新には絶対に投票しない。,1_8,2_2,true,637,1,A263_5,dhtool2025/full-complete-compressed,,1,group-263
A264_0,264,利権に群がることに反対するべき,1_8,2_28,true,619,1,A264_0,dhtool2025/full-complete-compressed,,1,group-264
A264_1,264,原発やワクチンに関して勝手に決めることに反対する,1_8,2_7,true,222,1,A264_1,dhtool2025/full-complete-compressed,,1,group-264
A264_2,264,原発やワクチンは要らない,1_8,2_61,true,383,1,A264_2,dhtool2025/full-complete-compressed,,1,group-264
A265_0,265,原発依存度の低減は堅持すべきである,1_4,2_13,true,417,2,A265_0,dhtool2025/full-complete-compressed,,1,group-265
A265_0,359,原発依存度の低減は堅持すべきである,1_4,2_13,true,417,2,A265_0,dhtool2025/full-complete-compressed,,1,group-359
A265_1,265,再生可能エネルギーのさらなる活用を求める,1_4,2_32,true,1097,2,A265_1,dhtool2025/full-complete-compressed,,1,group-265
A265_1,359,再生可能エネルギーのさらなる活用を求める,1_4,2_32,true,1097,2,A265_1,dhtool2025/full-complete-compressed,,1,group-359
A266_0,266,第７次案では「福島の復興」が触れられていない理由を知りたい。,1_7,2_11,true,139,1,A266_0,dhtool2025/full-complete-compressed,,1,group-266
A267_0,267,原発推進者が大多数の委員選出は、公正な人選ではない。,1_8,2_2,true,1279,1,A267_0,dhtool2025/full-complete-compressed,,1,group-267
A267_1,267,福島原発事故の被災者の代表を選出すべきである。,1_6,2_29,true,112,1,A267_1,dhtool2025/full-complete-compressed,,1,group-267
A267_2,267,原発推進論者と慎重もしくは反対論者を同数程度選任することが公正である。,1_8,2_28,true,1280,1,A267_2,dhtool2025/full-complete-compressed,,1,group-267
A267_3,267,国民の声を踏みにじる原発推進委員を選ぶことは危険である。,1_8,2_2,true,588,1,A267_3,dhtool2025/full-complete-compressed,,1,group-267
A267_4,267,経済成長が停止したのは福島原発事故による国富の損失が原因である。,1_6,2_1,true,101,1,A267_4,dhtool2025/full-complete-compressed,,1,group-267
A267_5,267,原発政策を進める前に、事故を二度と起こさないための展望を持つべきである。,1_6,2_57,true,292,1,A267_5,dhtool2025/full-complete-compressed,,1,group-267
A267_6,267,国民の声を代表する委員を選び直し、基本計画の見直しを求める。,1_7,2_45,true,589,1,A267_6,dhtool2025/full-complete-compressed,,1,group-267
A268_0,268,原発に反対するべきである,1_8,2_7,true,217,5,A268_0,dhtool2025/full-complete-compressed,,9,group-268
A269_0,269,原発は百害あって一利なし,1_8,2_61,true,297,1,A269_0,dhtool2025/full-complete-compressed,,1,group-269
A270_0,270,原子力発電所の事故は深刻な被害をもたらす可能性があり、安全性に大きな懸念がある。,1_6,2_57,true,80,2,A270_0,dhtool2025/full-complete-compressed,,1,group-270
A270_0,351,原子力発電所の事故は深刻な被害をもたらす可能性があり、安全性に大きな懸念がある。,1_6,2_57,true,80,2,A270_0,dhtool2025/full-complete-compressed,,404,group-351
A270_0,456,原子力発電所の事故は深刻な被害をもたらす可能性があり、安全性に大きな懸念がある。,1_6,2_57,true,80,2,A270_0,dhtool2025/full-complete-compressed,,1,group-456
A270_1,270,放射性廃棄物の処理には非常に長い時間と高度な技術が必要であり、安全な処理と保管が保証されていない限り、原発の運用はリスクが高い。,1_6,2_6,false,351,3,A292_1,dhtool2025/full-complete-compressed,,1,group-270
A270_2,270,再生可能エネルギーへの投資を強化することで、長期的には原子力発電に依存しないエネルギーシステムを構築できる。,1_4,2_9,true,1084,2,A270_2,dhtool2025/full-complete-compressed,,1,group-270
A270_3,270,原子力発電所の建設や維持には莫大なコストがかかり、事故が発生した場合の経済的損失も計り知れないため、経済的リスクが大きい。,1_5,2_38,false,268,3,A292_3,dhtool2025/full-complete-compressed,,1,group-270
A270_4,270,原子力発電は冷却水の排出による環境への影響があり、海洋生態系への負荷が懸念される。,1_6,2_6,true,164,2,A270_4,dhtool2025/full-complete-compressed,,1,group-270
A270_4,292,原子力発電は冷却水の排出による環境への影響があり、海洋生態系への負荷が懸念される。,1_6,2_6,true,164,2,A270_4,dhtool2025/full-complete-compressed,,95,group-292
A270_4,456,原子力発電は冷却水の排出による環境への影響があり、海洋生態系への負荷が懸念される。,1_6,2_6,true,164,2,A270_4,dhtool2025/full-complete-compressed,,1,group-456
A271_0,271,原子力コストは廃炉費用、事故に伴う補償費用、核のゴミ処理費用を考慮すると実際には高い。,1_5,2_24,false,276,2,A10_0,dhtool2025/full-complete-compressed,,3,group-271
A271_1,271,水素社会推進法に基づいて水素社会を早く進めるべき。,1_3,2_26,false,1000,3,A230_2,dhtool2025/full-complete-compressed,,3,group-271
A272_0,272,石炭火力発電は2030年までにゼロにするべきである。,1_2,2_42,false,971,4,A193_0,dhtool2025/full-complete-compressed,,1,group-272
A272_1,272,すべての石炭火力を対象に廃止する方向性をとるべきである。,1_2,2_3,false,990,2,A149_4,dhtool2025/full-complete-compressed,,1,group-272
A273_0,273,石炭火力発電所の段階的廃止に向けた具体的な方針と全廃の目標時期を早急に明確にすべきである。,1_2,2_3,false,996,3,A132_0,dhtool2025/full-complete-compressed,,1,group-273
A273_1,273,日本は2030年代前半までに国内の石炭火力発電所を全廃する計画を具体化することが急務である。,1_2,2_42,true,979,3,A273_1,dhtool2025/full-complete-compressed,,1,group-273
A273_2,273,日本が持続可能な未来を目指し、国際的な信頼を維持するためには、現実的かつ具体的なロードマップを示す必要がある。,1_1,2_18,true,686,1,A273_2,dhtool2025/full-complete-compressed,,1,group-273
A274_1,274,日本は石炭火力全廃の目標を示していないため、国際社会から厳しい視線を向けられる可能性がある。,1_2,2_42,false,985,2,A238_2,dhtool2025/full-complete-compressed,,1,group-274
A275_0,275,審議会に若い世代や多様な専門家、市民、環境団体を参加させる仕組みを導入すべきであり、民主的で透明な「国民的議論」のプロセスを確立することで、公平で持続可能な政策決定を行うべき。,1_7,2_16,true,555,2,A275_0,dhtool2025/full-complete-compressed,,1,group-275
A275_1,275,「原発依存度の低減」を維持すべきであり、地震が多発する日本では事故時のリスクや廃棄物処理の課題が未解決であるため、再エネと省エネを優先すべき。,1_6,2_50,true,32,2,A275_1,dhtool2025/full-complete-compressed,,1,group-275
A275_2,275,化石燃料から早急に脱却し、ゼロエミ火力などの非効率な技術に依存しない政策を進めるべきであり、再生可能エネルギーや省エネルギーへの投資を大幅に増やし、エネルギー自給率を高める計画を策定すべき。,1_1,2_25,true,1372,2,A275_2,dhtool2025/full-complete-compressed,,1,group-275
A275_3,275,再エネ比率を2040年までに3倍に拡大する計画を策定すべきであり、省エネを推進するために建物の断熱基準を強化し、エネルギー効率の向上を国全体で進めるべき。,1_1,2_53,true,1387,2,A275_3,dhtool2025/full-complete-compressed,,1,group-275
A276_0,276,水素エネルギーを推進すべき,1_3,2_58,true,1045,4,A276_0,dhtool2025/full-complete-compressed,,477,group-276
A276_1,276,原発反対である,1_8,2_7,false,217,5,A268_0,dhtool2025/full-complete-compressed,,477,group-276
A276_2,276,原発のコスト試算は不適切であり、廃炉の費用や核のゴミの最終処分費が考慮されていない,1_5,2_24,false,275,3,A351_1,dhtool2025/full-complete-compressed,,477,group-276
A276_3,276,福島の原発による東電に対する保証14兆円も考慮されていない,1_5,2_24,true,160,1,A276_3,dhtool2025/full-complete-compressed,,477,group-276
A277_0,277,原発の廃炉費用や補償費用はどこにも記載されていない。,1_5,2_24,false,279,2,A46_1,dhtool2025/full-complete-compressed,,1,group-277
A277_1,277,水素サイクルの研究で日本は世界に冠たる成果を出しているのに、原発にばかり注目されているのは不適切である。,1_3,2_58,true,1023,1,A277_1,dhtool2025/full-complete-compressed,,1,group-277
A277_2,277,海から水素エネルギーを創り出せる可能性があるのに、それに対する不都合があるように感じる。,1_3,2_58,true,1037,1,A277_2,dhtool2025/full-complete-compressed,,1,group-277
A277_3,277,このような杜撰な計画には賛同できない。,1_7,2_48,true,241,1,A277_3,dhtool2025/full-complete-compressed,,1,group-277
A277_4,277,日本はアメリカに追随しているが、国民が全ての悪事や謀略が暴かれた時にどうなるのか不安である。,1_8,2_28,true,664,1,A277_4,dhtool2025/full-complete-compressed,,1,group-277
A278_0,278,原発事故の教訓から脱原発をめざし、原発依存度を低減すべきである。,1_4,2_13,true,415,1,A278_0,dhtool2025/full-complete-compressed,,1,group-278
A278_1,278,再生可能エネルギーの拡大を図ることが重要である。,1_4,2_32,false,1093,2,A93_0,dhtool2025/full-complete-compressed,,1,group-278
A279_0,279,東京電力福島第一原子力発電所事故への真摯な反省は、原子力政策の原点として忘れてはならない。,1_6,2_29,true,130,1,A279_0,dhtool2025/full-complete-compressed,,1,group-279
A279_1,279,40年超の老朽化した原発を稼働させることは、原発事故の教訓を活かしているとは言えない。,1_8,2_23,true,153,1,A279_1,dhtool2025/full-complete-compressed,,1,group-279
A279_2,279,脱原発を進め、再生可能エネルギーの拡大を図ることが日本が進むべき道である。,1_4,2_0,false,503,2,A232_2,dhtool2025/full-complete-compressed,,1,group-279
A279_3,279,老朽原発は廃炉すべきである。,1_8,2_41,false,396,2,A224_1,dhtool2025/full-complete-compressed,,1,group-279
A280_0,280,原発の新増設は国民の嫌がることばかりであり、きちんと国会で議論すべきである。,1_8,2_40,true,429,1,A280_0,dhtool2025/full-complete-compressed,,1,group-280
A280_1,280,この案は白紙に戻すべきである。,1_7,2_48,true,742,1,A280_1,dhtool2025/full-complete-compressed,,1,group-280
A281_0,281,原発は費用が膨大で高い電源であり、事故のリスクもあるため、日本に投資する人は少ないだろう。,1_5,2_10,false,304,2,A175_0,dhtool2025/full-complete-compressed,,1,group-281
A281_1,281,ペロブスカイト太陽電池は薄型で軽く、蓄電池と組み合わせることで夏の電力を十分に賄える。,1_4,2_22,true,1130,1,A281_1,dhtool2025/full-complete-compressed,,1,group-281
A281_2,281,全ての建物にペロブスカイト太陽電池の設置を義務付けるべきである。,1_4,2_22,true,1133,1,A281_2,dhtool2025/full-complete-compressed,,1,group-281
A281_3,281,太平洋側の地域は晴天日数が多いため、蓄電池と組み合わせればかなりの量の発電が可能である。,1_4,2_22,true,1222,1,A281_3,dhtool2025/full-complete-compressed,,1,group-281
A281_4,281,原発電源は高くつくことが容易に想像できるため、太陽電池設置を義務付けることについて真剣な議論が必要である。,1_4,2_22,true,1127,1,A281_4,dhtool2025/full-complete-compressed,,1,group-281
A282_0,282,水素発電が唯一の選択肢であるべきだ。,1_3,2_58,true,1032,1,A282_0,dhtool2025/full-complete-compressed,,1,group-282
A282_1,282,トヨタ自動車が水素自動車を開発しているのに、この話が広まらないのはおかしい。,1_3,2_58,false,1021,2,A263_3,dhtool2025/full-complete-compressed,,1,group-282
A282_2,282,政治家と官僚の無能さが国の未来を危うくしている。,1_8,2_35,true,670,1,A282_2,dhtool2025/full-complete-compressed,,1,group-282
A282_3,282,原発は不要であり、廃炉にすべきである。,1_8,2_15,true,397,2,A282_3,dhtool2025/full-complete-compressed,,1,group-282
A283_0,283,原発は縮小、廃棄が民意である。,1_8,2_15,true,480,1,A283_0,dhtool2025/full-complete-compressed,,1,group-283
A283_1,283,再稼働拡大、新設推進は誤った方針であり、反対である。,1_8,2_46,true,778,1,A283_1,dhtool2025/full-complete-compressed,,1,group-283
A284_0,284,国民からの信頼確保に努め、安全性の確保を大前提に、必要な規模を持続的に原子力を活用していくことは評価できる。,1_5,2_52,true,87,1,A284_0,dhtool2025/full-complete-compressed,,1,group-284
A284_1,284,原子力はエネルギー密度や環境性が高く、受けるメリットの方が大きいため、今後も必要である。,1_5,2_62,true,1318,1,A284_1,dhtool2025/full-complete-compressed,,1,group-284
A284_2,284,原子力分野の人材育成や人材不足に不安を感じており、次世代層に原子力のビジョンを示し、志す若者を増やすべき。,1_8,2_55,true,434,1,A284_2,dhtool2025/full-complete-compressed,,1,group-284
A285_0,285,将来ビジョンもなく、既存の利権構造を温存させる基本計画には反対である。,1_7,2_48,true,745,1,A285_0,dhtool2025/full-complete-compressed,,1,group-285
A286_0,286,福島原発事故の反省がないまま、原発再稼働拡大や新設推進はあり得ない。,1_6,2_1,true,157,1,A286_0,dhtool2025/full-complete-compressed,,1,group-286
A286_1,286,使用済み核燃料の最終処理の目処が立たないのに、原発再稼働拡大や新設推進には反対。,1_8,2_46,false,228,2,A33_4,dhtool2025/full-complete-compressed,,1,group-286
A287_0,287,エネルギー基本計画の策定プロセスに国民がほとんど関与できていないことが問題である。,1_7,2_47,false,1251,2,A108_6,dhtool2025/full-complete-compressed,,1,group-287
A287_1,287,委員会のメンバーに若い世代が少なく、気候変動の影響を受けやすい若い世代の意見が取り入れられにくいことが大問題である。,1_7,2_16,true,557,1,A287_1,dhtool2025/full-complete-compressed,,1,group-287
A287_2,287,国民が委員会の会議に参加できるようにし、策定プロセスにもっと関わるべきである。,1_7,2_16,true,590,1,A287_2,dhtool2025/full-complete-compressed,,1,group-287
A287_3,287,特に20代、30代の若い世代が参画できる場を増やし、積極的に若い世代の意見を取り入れるべきである。,1_7,2_16,true,561,1,A287_3,dhtool2025/full-complete-compressed,,1,group-287
A288_0,288,地震の多い日本で原子力発電の依存度を高めることは大きなリスクを伴う,1_6,2_50,false,33,2,A148_0,dhtool2025/full-complete-compressed,,1,group-288
A288_1,288,原子力発電依存度の低減を維持すべき,1_4,2_13,false,416,3,A182_3,dhtool2025/full-complete-compressed,,1,group-288
A288_2,288,再生可能エネルギーの割合をもっと増やすべきだという国民の声が高まっている,1_4,2_32,true,1078,1,A288_2,dhtool2025/full-complete-compressed,,1,group-288
A289_0,289,化石燃料からの脱却を一刻も早く求めるべき,1_2,2_43,false,871,2,A92_0,dhtool2025/full-complete-compressed,,1,group-289
A289_1,289,ゼロエミッション火力発電はコストが高く、実用化まで時間がかかる,1_4,2_9,false,1146,3,A182_6,dhtool2025/full-complete-compressed,,1,group-289
A289_2,289,再生可能エネルギーや省エネルギーにもっと投資をすることでエネルギー自給率を高めるべき,1_4,2_32,false,1096,3,A102_6,dhtool2025/full-complete-compressed,,1,group-289
A289_3,289,再生可能エネルギーへの投資は日本の経済にも良い影響を与える,1_4,2_32,true,1080,1,A289_3,dhtool2025/full-complete-compressed,,1,group-289
A290_0,290,パリ協定の1.5度目標を実現するために、再生可能エネルギーを三倍に拡大する計画を策定すべき,1_1,2_53,true,1389,1,A290_0,dhtool2025/full-complete-compressed,,1,group-290
A290_1,290,省エネルギーを進めるために、建物の断熱基準を強化すべきであり、日本の断熱基準は低すぎる,1_1,2_53,false,815,3,A182_8,dhtool2025/full-complete-compressed,,1,group-290
A291_0,291,核燃料サイクルの前提が破綻しているため、最終処分事業は社会全体の利益にならない。,1_5,2_33,true,361,1,A291_0,dhtool2025/full-complete-compressed,,1,group-291
A291_1,291,既存の政策枠組みを白紙撤回し再検討すべき。,1_7,2_48,true,743,1,A291_1,dhtool2025/full-complete-compressed,,1,group-291
A291_2,291,金銭的便益を提供することで調査を誘導するのは誤りであり、地域分断の要因になる。,1_8,2_35,true,740,1,A291_2,dhtool2025/full-complete-compressed,,1,group-291
A291_3,291,交付金の交付の是非を再検討すべき。,1_8,2_35,true,739,1,A291_3,dhtool2025/full-complete-compressed,,1,group-291
A291_4,291,原発推進と一体化した最終処分事業が社会全体の利益であるという合意は国民の間にはない。,1_8,2_61,true,468,1,A291_4,dhtool2025/full-complete-compressed,,1,group-291
A292_0,292,原発には安全性の懸念があり、事故が深刻な被害をもたらす可能性がある。,1_6,2_57,false,80,2,A270_0,dhtool2025/full-complete-compressed,,95,group-292
A292_1,292,放射性廃棄物の処理問題があり、安全な処理と保管が保証されていない限り、原発の運用はリスクが高い。,1_6,2_6,true,351,3,A292_1,dhtool2025/full-complete-compressed,,95,group-292
A292_1,456,放射性廃棄物の処理問題があり、安全な処理と保管が保証されていない限り、原発の運用はリスクが高い。,1_6,2_6,true,351,3,A292_1,dhtool2025/full-complete-compressed,,1,group-456
A292_2,292,再生可能エネルギーへのシフトが必要であり、太陽光や風力などの環境に優しいエネルギー源への投資を強化すべき。,1_4,2_20,true,1083,2,A292_2,dhtool2025/full-complete-compressed,,95,group-292
A292_3,292,原子力発電所の建設や維持には莫大なコストがかかり、事故が発生した場合の経済的損失も大きいため、経済的リスクが高い。,1_5,2_38,true,268,3,A292_3,dhtool2025/full-complete-compressed,,95,group-292
A292_3,456,原子力発電所の建設や維持には莫大なコストがかかり、事故が発生した場合の経済的損失も大きいため、経済的リスクが高い。,1_5,2_38,true,268,3,A292_3,dhtool2025/full-complete-compressed,,1,group-456
A293_0,293,風力発電、特に洋上風力発電の建設に反対である。,1_8,2_40,true,232,2,A293_0,dhtool2025/full-complete-compressed,,1,group-293
A293_1,293,風力発電により動物が山から降りてきて畑を荒らしている。,1_8,2_41,true,712,1,A293_1,dhtool2025/full-complete-compressed,,1,group-293
A293_2,293,羽の音による耳鳴りがあり困っている。,1_7,2_45,true,704,1,A293_2,dhtool2025/full-complete-compressed,,1,group-293
A293_3,293,地震大国や台風の影響を考えると、風力発電は土地に適していないと思う。,1_6,2_50,true,1226,1,A293_3,dhtool2025/full-complete-compressed,,1,group-293
A293_4,293,低周波被害についても考慮すべきである。,1_6,2_57,true,696,1,A293_4,dhtool2025/full-complete-compressed,,1,group-293
A293_5,293,海外ではコストに対して発電の期待が低く、シフトチェンジが進んでいる。,1_4,2_60,true,1206,1,A293_5,dhtool2025/full-complete-compressed,,1,group-293
A293_6,293,地元民の意見に耳を傾けてほしい。,1_7,2_45,true,582,1,A293_6,dhtool2025/full-complete-compressed,,1,group-293
A294_0,294,国民は原子力発電に対する立場に関わらず、高レベル放射性廃棄物の存在と地層処分の必要性を認識する必要がある。,1_6,2_49,true,325,1,A294_0,dhtool2025/full-complete-compressed,,1,group-294
A294_1,294,国は国民理解を深めるための取り組みを強く推進すべきであり、学校教育から責任を持って推進することが重要である。,1_7,2_45,true,579,1,A294_1,dhtool2025/full-complete-compressed,,1,group-294
A295_0,295,気候危機が深刻化しており、将来世代に大きな負担を残している。,1_1,2_18,true,827,1,A295_0,dhtool2025/full-complete-compressed,,1,group-295
A295_1,295,COP28で化石燃料からの脱却に向けた合意がなされたが、日本のエネ基案では石炭火力を温存し、LNG火力を拡大支援する方針が示されたことは問題である。,1_2,2_42,true,949,1,A295_1,dhtool2025/full-complete-compressed,,1,group-295
A295_2,295,LNG火力を「脱炭素電源」と位置付けることは非常に問題であり、2040年までに段階的廃止し、再エネシフトを急拡大すべきである。,1_2,2_37,true,967,2,A295_2,dhtool2025/full-complete-compressed,,1,group-295
A296_0,296,国民的理解活動には政策の変更の可能性を含めた議論が必要である。,1_7,2_45,true,580,1,A296_0,dhtool2025/full-complete-compressed,,1,group-296
A296_1,296,経産省ではなく、原発の利害関係のない第三者機関が議論を主導すべきである。,1_7,2_48,true,473,1,A296_1,dhtool2025/full-complete-compressed,,1,group-296
A296_2,296,多段階の合意形成を目指し、市民の参加と熟議を促進する第三者機関の設置が不可欠である。,1_7,2_16,true,550,1,A296_2,dhtool2025/full-complete-compressed,,1,group-296
A296_3,296,高レベル放射性廃棄物は処分を前提とせず暫定保管し、総量を規制すべきである。,1_6,2_6,true,328,1,A296_3,dhtool2025/full-complete-compressed,,1,group-296
A296_4,296,地層処分において全国の地方公共団体を個別訪問した際には、訪問した自治体名を公表すべきである。,1_7,2_45,true,691,1,A296_4,dhtool2025/full-complete-compressed,,1,group-296
A296_5,296,原発事故前の原子力推進活動と発想は安全神話に基づいており、変わっていない。,1_6,2_57,true,92,1,A296_5,dhtool2025/full-complete-compressed,,1,group-296
A297_0,297,第７次エネルギー基本計画を根本から見直すべき,1_7,2_47,false,1060,3,A81_0,dhtool2025/full-complete-compressed,,1,group-297
A297_1,297,自然エネルギー資源の活用、特に安全性の高い水素の活用を重視すべき,1_3,2_58,true,1052,2,A297_1,dhtool2025/full-complete-compressed,,1,group-297
A297_2,297,原発の利用は直ちに止めるべき,1_8,2_15,false,394,3,A369_1,dhtool2025/full-complete-compressed,,1,group-297
A298_0,298,LNG火力の新設は脱火力を妨げるため、廃止すべきである。,1_2,2_37,false,966,3,A382_7,dhtool2025/full-complete-compressed,,1,group-298
A298_1,298,最優先すべきは再エネ拡大・石炭火力・原発の廃止であるが、再エネ100パーセントになるまでの過渡的にLNGを残すのはやむを得ない。,1_2,2_37,true,965,1,A298_1,dhtool2025/full-complete-compressed,,1,group-298
A298_2,298,LNG火力新設の計画が多過ぎて、座礁資産になる恐れがある。,1_2,2_37,true,953,1,A298_2,dhtool2025/full-complete-compressed,,1,group-298
A298_3,298,容量市場と長期脱炭素電源の制度は、大量のCO2排出を長期間固定化してしまうため、廃止すべきである。,1_2,2_59,false,924,3,A303_0,dhtool2025/full-complete-compressed,,1,group-298
A298_4,298,容量市場と長期脱炭素電源の制度は、再エネ電力会社の負担を増やし、再エネの普及を妨げる。,1_2,2_59,false,924,3,A303_0,dhtool2025/full-complete-compressed,,1,group-298
A299_0,299,日本に原発は要らない,1_5,2_5,false,40,4,A338_0,dhtool2025/full-complete-compressed,,2,group-299
A299_0,342,日本に原発は要らない,1_5,2_5,false,40,4,A338_0,dhtool2025/full-complete-compressed,,1,group-342
A300_0,300,日本には風・太陽・海・水・地熱の豊富な資源が揃っているため、持続可能な再エネのシステム作りを全力で進むべきである。,1_4,2_32,true,1240,1,A300_0,dhtool2025/full-complete-compressed,,1,group-300
A300_1,300,原子力発電は災害の多い日本では特にやめた方がよく、経済的でもない。,1_6,2_50,true,38,1,A300_1,dhtool2025/full-complete-compressed,,1,group-300
A300_2,300,審議会での議論や意思決定に、若い世代を含む多様な立場の専門家や環境団体、市民が参加できるようにすべきである。,1_7,2_16,true,556,4,A300_2,dhtool2025/full-complete-compressed,,1,group-300
A300_3,300,温室効果ガスの削減目標は、2035年までに60パーセントでは不十分であり、70ー80パーセント削減の野心的な目標を掲げるべきである。,1_1,2_12,false,798,5,A182_2,dhtool2025/full-complete-compressed,,1,group-300
A301_0,301,54基の原子炉があることで国民は危険なリスクを抱えている,1_6,2_57,true,79,1,A301_0,dhtool2025/full-complete-compressed,,1,group-301
A301_1,301,エネルギーはクリーンで安心な水素を使うべきである,1_3,2_58,false,1052,2,A297_1,dhtool2025/full-complete-compressed,,1,group-301
A301_2,301,原子炉の爆発や放射能による健康被害は住民に被曝をもたらし、死者や重大な環境汚染を引き起こす,1_6,2_31,true,178,1,A301_2,dhtool2025/full-complete-compressed,,1,group-301
A301_3,301,子孫のためにこの国を残すために考えを変えるべきである,1_8,2_35,true,661,1,A301_3,dhtool2025/full-complete-compressed,,1,group-301
A302_0,302,この国を護りたいのは皆同じだと思う,1_8,2_28,true,663,1,A302_0,dhtool2025/full-complete-compressed,,1,group-302
A302_1,302,廃炉にこの国の方針の舵を切るべき,1_8,2_15,true,386,1,A302_1,dhtool2025/full-complete-compressed,,1,group-302
A302_2,302,放射能の恐怖に怯えることのない安全で安心な暮らしを取り戻すべき,1_6,2_6,true,203,1,A302_2,dhtool2025/full-complete-compressed,,1,group-302
A302_3,302,経済産業省職員は国民に寄り添うことを念頭において行動すべき,1_7,2_48,true,608,1,A302_3,dhtool2025/full-complete-compressed,,1,group-302
A302_4,302,危険な放射能物質を出さないエネルギー政策を考えるべき,1_6,2_6,true,1344,1,A302_4,dhtool2025/full-complete-compressed,,1,group-302
A303_0,303,容量市場と長期脱炭素電源の制度は、非効率旧型設備を延命させ、炭素を排出する設備の新設を増加させるため、脱炭素を妨げる方向になる。,1_2,2_59,true,924,3,A303_0,dhtool2025/full-complete-compressed,,1,group-303
A303_1,303,この制度は再エネ電力会社の負担を増やし、再エネの普及を妨げるため、廃止し、正しい目的に沿って改変すべきである。,1_2,2_59,true,1182,1,A303_1,dhtool2025/full-complete-compressed,,1,group-303
A304_0,304,日本においては商用技術として確立していないCCS技術を前提に計画を組むべきではない。,1_2,2_59,true,907,1,A304_0,dhtool2025/full-complete-compressed,,1,group-304
A305_0,305,放射性物質は人類がコントロールできないため、放棄することを覚えない限りこの国の未来は暗雲に包まれる。,1_6,2_6,true,334,1,A305_0,dhtool2025/full-complete-compressed,,1,group-305
A305_1,305,経産省が原発関連企業を優遇し、原子力エネルギー以外をエネルギー基本計画に入れない政策は非常に危険である。,1_7,2_48,true,1245,1,A305_1,dhtool2025/full-complete-compressed,,1,group-305
A305_2,305,視野を広げて原子炉を手放し、廃炉にして水素エネルギーに転換することが必要である。,1_4,2_39,true,502,1,A305_2,dhtool2025/full-complete-compressed,,1,group-305
A305_3,305,経産省職員は水素エネルギー計画を真摯に推進すべきである。,1_3,2_26,true,605,1,A305_3,dhtool2025/full-complete-compressed,,1,group-305
A306_0,306,LNG火力を「脱炭素電源」と同等に扱って建設を支援するのは間違っている。,1_2,2_37,true,969,1,A306_0,dhtool2025/full-complete-compressed,,1,group-306
A306_1,306,100％自然エネルギーをもっと大胆に推進すべきである。,1_1,2_51,true,1298,1,A306_1,dhtool2025/full-complete-compressed,,1,group-306
A307_0,307,LNGは原料として危険であり、タンカーのLNG漏れやパイプラインからの漏れが都市や周辺地域を壊滅させる可能性があるため、早急に廃止すべきである。,1_2,2_37,true,960,1,A307_0,dhtool2025/full-complete-compressed,,1,group-307
A308_0,308,原子力エネルギーはクリーンエネルギーではない,1_5,2_36,false,512,2,A120_1,dhtool2025/full-complete-compressed,,3,group-308
A309_0,309,現計画では石炭火力を残すことで、日本が国際的な約束を守れないことは明白である。,1_2,2_42,true,986,1,A309_0,dhtool2025/full-complete-compressed,,1,group-309
A309_1,309,石炭火力の削減を民間の努力に期待しては計画は実現できない。,1_2,2_42,true,987,1,A309_1,dhtool2025/full-complete-compressed,,1,group-309
A309_2,309,本計画の策定者は恥を知るべきである。,1_7,2_48,true,757,1,A309_2,dhtool2025/full-complete-compressed,,1,group-309
A310_0,310,アンモニアや水素を作る際にCO2が出るため、使用する意味がない。,1_2,2_21,true,858,1,A310_0,dhtool2025/full-complete-compressed,,1,group-310
A311_0,311,放射能の危機からこの国を守るべきである,1_6,2_6,true,199,1,A311_0,dhtool2025/full-complete-compressed,,4,group-311
A311_1,311,考え方を改めることで、この国が他国から排除されることは無くなる,1_8,2_15,true,662,1,A311_1,dhtool2025/full-complete-compressed,,4,group-311
A312_0,312,蓄熱発電に関する記述が少なすぎるため、新たな技術として明示すべきである。,1_4,2_60,true,1155,1,A312_0,dhtool2025/full-complete-compressed,,1,group-312
A312_1,312,アメリカのエネルギー省DOEが蓄熱発電を投資重点分野として認識していることから、蓄電池への言及が多すぎるのは時代遅れである。,1_4,2_60,true,1152,1,A312_1,dhtool2025/full-complete-compressed,,1,group-312
A312_2,312,民間企業が蓄熱発電の開発に乗り出していることを示す比較表が必要である。,1_4,2_60,true,1157,1,A312_2,dhtool2025/full-complete-compressed,,1,group-312
A312_3,312,世界の時流に遅れていると感じるが、DOEが数年前には蓄熱発電の概念を認識していなかったことから、今回のエネ基に入っていないのは恥ずかしいことではない。,1_4,2_39,true,1153,1,A312_3,dhtool2025/full-complete-compressed,,1,group-312
A313_0,313,今変えないと手遅れになる,1_8,2_55,true,784,1,A313_0,dhtool2025/full-complete-compressed,,7,group-313
A313_1,313,放射能によってこの国は滅びる,1_6,2_6,true,200,1,A313_1,dhtool2025/full-complete-compressed,,7,group-313
A313_2,313,原子力発電所を手放す勇気を持つべき,1_5,2_30,true,543,1,A313_2,dhtool2025/full-complete-compressed,,7,group-313
A314_0,314,水素アンモニアの長期脱炭素電源オークションの上限価格引き上げには異論がある。,1_2,2_59,true,864,1,A314_0,dhtool2025/full-complete-compressed,,1,group-314
A314_1,314,コストの合わない技術の開発に巨額の資金をつぎ込むよりも、既に利用可能な技術の促進と再生可能エネルギーの拡大に投資すべき。,1_4,2_0,true,1158,1,A314_1,dhtool2025/full-complete-compressed,,1,group-314
A314_2,314,水素アンモニアとの価格差補填はグリーン水素アンモニアに限定すべき。,1_2,2_21,true,865,1,A314_2,dhtool2025/full-complete-compressed,,1,group-314
A315_0,315,事故対策が不十分な原発を維持し続けることや新造計画は時代を見ていない,1_6,2_57,true,155,1,A315_0,dhtool2025/full-complete-compressed,,1,group-315
A315_1,315,廃炉費用を含まないコスト試算は国民を欺くもので許されない,1_5,2_24,true,273,1,A315_1,dhtool2025/full-complete-compressed,,1,group-315
A315_2,315,エネルギー政策は完全な情報公開を前提に議論を進めるべきである,1_7,2_54,true,1270,1,A315_2,dhtool2025/full-complete-compressed,,1,group-315
A316_0,316,LNG火力を長期脱炭素電源として拡大する策には疑問がある。,1_2,2_37,false,967,2,A295_2,dhtool2025/full-complete-compressed,,1,group-316
A316_1,316,LNG火力のGHG排出は膨大であり、長期脱炭素電源として支援することは排出削減にならない。,1_2,2_37,true,968,1,A316_1,dhtool2025/full-complete-compressed,,1,group-316
A316_2,316,新設するのであれば、旧火力発電所を閉鎖するべきである。,1_8,2_41,true,405,1,A316_2,dhtool2025/full-complete-compressed,,1,group-316
A316_3,316,閉鎖計画がないまま新規を増設すべきではない。,1_8,2_7,true,779,1,A316_3,dhtool2025/full-complete-compressed,,1,group-316
A316_4,316,既存の設備の稼働率を再確認し、環境アセスメント文書に必要性を数値として記すべきである。,1_4,2_44,true,701,1,A316_4,dhtool2025/full-complete-compressed,,1,group-316
A317_0,317,アメリカの属国から解放されなければ、自由なエネルギー資源を独自の技術で行うことは難しい,1_4,2_20,true,1322,1,A317_0,dhtool2025/full-complete-compressed,,3,group-317
A317_1,317,アメリカから独立して水素エネルギーに舵を切るべきだ,1_3,2_4,true,1323,1,A317_1,dhtool2025/full-complete-compressed,,3,group-317
A318_0,318,LNG火力の新設は発電部門における脱炭素を遅らせることになる。,1_2,2_37,false,966,3,A382_7,dhtool2025/full-complete-compressed,,1,group-318
A318_1,318,LNG火力の建設および長期利用を助ける容量市場や長期脱炭素電源オークションの制度は廃止または抜本的な見直しが必要。,1_2,2_37,false,925,2,A382_8,dhtool2025/full-complete-compressed,,1,group-318
A319_0,319,電力需要の過剰予測に基づくLNG火力の新設は不要である。,1_2,2_37,true,962,1,A319_0,dhtool2025/full-complete-compressed,,1,group-319
A319_1,319,IT業界を含む産業界はクリーンエネルギーを求めており、本来の「グリーン」な電力の共有が必要である。,1_4,2_14,true,1313,1,A319_1,dhtool2025/full-complete-compressed,,1,group-319
A319_2,319,LNG火力が座礁資産化し、消費者負担の増加が懸念されるため、LNGを支援する策は廃止すべきである。,1_2,2_37,true,958,1,A319_2,dhtool2025/full-complete-compressed,,1,group-319
A319_3,319,早期の廃止計画を策定するべきである。,1_8,2_35,true,748,1,A319_3,dhtool2025/full-complete-compressed,,1,group-319
A320_0,320,原子力発電所の廃炉技術や核のゴミの処理方法が確立されていないのに、地震列島に原子力発電所を持つことは危険である。,1_6,2_49,true,167,1,A320_0,dhtool2025/full-complete-compressed,,1,group-320
A320_1,320,自分たちの利権を守るために日本列島を犠牲にすることは愚かである。,1_8,2_28,true,623,1,A320_1,dhtool2025/full-complete-compressed,,1,group-320
A321_0,321,電源の脱炭素化を推進するために、資金調達環境の整備について具体的な取り組みを明記すべきである。,1_2,2_43,false,1150,2,A321_3,dhtool2025/full-complete-compressed,,1,group-321
A321_1,321,大口信用等規制の保守的な実務運用を是正することが、資金調達環境の整備に必要である。,1_8,2_35,true,734,1,A321_1,dhtool2025/full-complete-compressed,,1,group-321
A321_2,321,金融庁など関係省庁と連携し、融資枠の制約を早期に是正すべきである。,1_8,2_35,true,735,1,A321_2,dhtool2025/full-complete-compressed,,1,group-321
A321_3,321,脱炭素電源投資を推進するために、資金調達環境整備の具体化を急ぐべきである。,1_2,2_43,true,1150,2,A321_3,dhtool2025/full-complete-compressed,,1,group-321
A321_4,321,資金の量的確保に向けて、制度的な対応を含めた具体的な取り組みを明記すべきである。,1_8,2_35,true,733,1,A321_4,dhtool2025/full-complete-compressed,,1,group-321
A322_0,322,原子力の費用の見積もりは安すぎると思う,1_5,2_38,true,252,2,A322_0,dhtool2025/full-complete-compressed,,1,group-322
A322_1,322,水素が遡上に上がらないのは謎である,1_3,2_58,true,1012,1,A322_1,dhtool2025/full-complete-compressed,,1,group-322
A323_0,323,原子力の未来は見通せない。,1_5,2_30,true,536,1,A323_0,dhtool2025/full-complete-compressed,,1,group-323
A324_0,324,第7次エネルギー基本計画案の大幅修正を求めるべきである。,1_7,2_47,false,1060,3,A81_0,dhtool2025/full-complete-compressed,,1,group-324
A324_1,324,国が資源開発をリードしない理由が理解できない。,1_8,2_35,true,586,1,A324_1,dhtool2025/full-complete-compressed,,1,group-324
A324_2,324,海水から電気分解して水素を作る技術が実現可能であり、グリーン水素サイクル社会を推進すべきである。,1_3,2_58,true,1050,2,A324_2,dhtool2025/full-complete-compressed,,1,group-324
A324_3,324,原発は地震大国の日本では成立しないため、廃止すべきである。,1_8,2_41,true,19,1,A324_3,dhtool2025/full-complete-compressed,,1,group-324
A324_4,324,原発のトータルコストは非常に高く、万一戦争が起きた場合には核爆弾となり日本が滅亡する可能性があるため、原発の廃止は必須である。,1_5,2_10,true,303,1,A324_4,dhtool2025/full-complete-compressed,,1,group-324
A325_0,325,福島の脳波原子力はまだ片付いていないのはおかしい,1_6,2_19,true,134,1,A325_0,dhtool2025/full-complete-compressed,,1,group-325
A326_0,326,原発はコスト、国防の面から廃炉すべきである。,1_5,2_10,true,302,1,A326_0,dhtool2025/full-complete-compressed,,1,group-326
A326_1,326,水素サイクルへ変換していくことが望ましい。,1_3,2_58,true,1014,2,A326_1,dhtool2025/full-complete-compressed,,1,group-326
A327_0,327,原発は事故が起これば、クリーンとはかけ離れた取り返しのつかない状況を生み出す可能性がある。,1_6,2_27,true,290,1,A327_0,dhtool2025/full-complete-compressed,,1,group-327
A327_1,327,水素サイクルの導入を目指すことが日本再興にとって大切である。,1_3,2_58,true,1015,1,A327_1,dhtool2025/full-complete-compressed,,1,group-327
A328_0,328,石炭火力、原発の完全撤廃を求める,1_2,2_3,true,988,1,A328_0,dhtool2025/full-complete-compressed,,1,group-328
A328_1,328,再生可能エネルギーにもっと力を入れるべき,1_4,2_32,false,1098,5,A38_0,dhtool2025/full-complete-compressed,,1,group-328
A328_2,328,言い訳せずに政策を実行してほしい,1_8,2_35,true,629,1,A328_2,dhtool2025/full-complete-compressed,,1,group-328
A329_0,329,経産省と資源エネルギー庁の幹部は、国民の苦しみを味わうべきである。,1_7,2_48,true,607,1,A329_0,dhtool2025/full-complete-compressed,,14,group-329
A329_1,329,第7次エネルギー基本計画（案）は、経産省の官僚が国民に苦しみを与えていることを考慮し、止めるべきである。,1_7,2_47,true,1068,1,A329_1,dhtool2025/full-complete-compressed,,14,group-329
A329_2,329,原発の避難地域についても十分に考慮してから物事を決めるべきである。,1_6,2_27,true,191,1,A329_2,dhtool2025/full-complete-compressed,,14,group-329
A330_0,330,天然ガスへの転換は脱炭素を遅らせるためやめるべき,1_2,2_43,false,944,2,A77_0,dhtool2025/full-complete-compressed,,1,group-330
A330_1,330,原発は危険で新設に時間がかかるため廃止すべき,1_8,2_41,true,404,2,A330_1,dhtool2025/full-complete-compressed,,1,group-330
A330_2,330,石炭火力発電を2030年までに全廃すべき,1_2,2_42,false,971,4,A193_0,dhtool2025/full-complete-compressed,,1,group-330
A330_3,330,ゼロエミッション火力のアジアでの推進をやめるべき,1_4,2_9,true,1149,1,A330_3,dhtool2025/full-complete-compressed,,1,group-330
A330_4,330,再エネに転換し、再エネと蓄電を組み合わせた新しい形の電力の安定供給を目指すべき,1_4,2_9,true,1169,1,A330_4,dhtool2025/full-complete-compressed,,1,group-330
A330_5,330,日本は先進国として2030年までの石炭火力発電の無条件での全廃を目指し、世界の気候変動対策をリードすべき,1_2,2_42,false,979,3,A273_1,dhtool2025/full-complete-compressed,,1,group-330
A330_6,330,火力発電のゼロエミッション化の部分を削除し、再エネの最大限導入を促進するべき,1_4,2_9,false,1147,2,A3_2,dhtool2025/full-complete-compressed,,1,group-330
A331_0,331,アメリカの濃縮ウランを購入することで予算を削減できるが、使った燃え滓をアメリカから買うのは矛盾している。,1_5,2_36,true,720,1,A331_0,dhtool2025/full-complete-compressed,,4,group-331
A331_1,331,経産省官僚が天下り先を選定していることから、これは原発エネルギー利権に関わる問題である。,1_7,2_48,true,474,1,A331_1,dhtool2025/full-complete-compressed,,4,group-331
A331_2,331,日本はアメリカの属国であるため、利権が続いているのだろう。,1_8,2_28,true,665,1,A331_2,dhtool2025/full-complete-compressed,,4,group-331
A332_0,332,エネルギー基本計画の原子力予算に福島原発の事故に係る費用が加算されていないのは問題である。,1_5,2_24,true,278,1,A332_0,dhtool2025/full-complete-compressed,,1,group-332
A332_1,332,事故が未だに終結していないのに、終わったものとして扱うのは不適切である。,1_6,2_19,true,206,1,A332_1,dhtool2025/full-complete-compressed,,1,group-332
A332_2,332,事故の復旧作業費用を中抜き構造にするような政治家や官僚の既得権益を守るエネルギー計画に反対する。,1_7,2_48,true,746,1,A332_2,dhtool2025/full-complete-compressed,,1,group-332
A333_0,333,審議会のプロセスは独断的で、市民の声が届いていない。,1_7,2_16,true,551,1,A333_0,dhtool2025/full-complete-compressed,,1,group-333
A333_1,333,委員のメンバーが偏っており、将来世代の意見が反映されていない。,1_7,2_16,true,558,1,A333_1,dhtool2025/full-complete-compressed,,1,group-333
A333_2,333,NDC60%は世界的に見て低すぎる。,1_1,2_12,true,814,1,A333_2,dhtool2025/full-complete-compressed,,1,group-333
A333_3,333,日本はインドの分もこれまでの排出に責任を持つべきである。,1_1,2_53,true,688,1,A333_3,dhtool2025/full-complete-compressed,,1,group-333
A333_4,333,審議会では利権が優先されていると感じる。,1_7,2_16,true,564,1,A333_4,dhtool2025/full-complete-compressed,,1,group-333
A333_5,333,再生可能エネルギーを促進することが重要であり、石炭火力に頼るべきではない。,1_4,2_14,false,1375,2,A128_0,dhtool2025/full-complete-compressed,,1,group-333
A333_6,333,1.5度目標に整合性のある70%以上の削減を求める。,1_1,2_12,true,805,1,A333_6,dhtool2025/full-complete-compressed,,1,group-333
A334_0,334,原発推進は経済産業省の天下りの温床化しているため、断固として反対する。,1_8,2_7,true,471,1,A334_0,dhtool2025/full-complete-compressed,,3,group-334
A334_1,334,地域住民のリスクが上がる一方で、政府は他人事であり、自分たちの金のことしか考えていない。,1_8,2_35,true,633,1,A334_1,dhtool2025/full-complete-compressed,,3,group-334
A334_2,334,現在の原発はハイリスクロウリターンであり、核融合反応による安全性を考慮したエネルギー開発には研究の余地があるが、今の文明レベルでは不可能。,1_5,2_10,true,78,1,A334_2,dhtool2025/full-complete-compressed,,3,group-334
A334_3,334,国賊議員団や自民党がその不可能を引き起こしている。,1_8,2_2,true,644,1,A334_3,dhtool2025/full-complete-compressed,,3,group-334
A334_4,334,現状の金回りしか考えない政府に問題があることを理解できないのは愚かである。,1_8,2_35,true,634,1,A334_4,dhtool2025/full-complete-compressed,,3,group-334
A334_5,334,水素エネルギーのコア事業が法律で可決されているにもかかわらず、なぜ採用しないのか。,1_3,2_26,true,1033,1,A334_5,dhtool2025/full-complete-compressed,,3,group-334
A334_6,334,自公政権は国の舵取りに失敗しており、国民は怒っている。,1_8,2_35,true,646,1,A334_6,dhtool2025/full-complete-compressed,,3,group-334
A334_7,334,関係閣僚を洗い出し、問題を明らかにしていく。,1_7,2_45,true,567,1,A334_7,dhtool2025/full-complete-compressed,,3,group-334
A335_0,335,原発は全国に50数か所あるが、ほとんどが稼働していないため、必要ない。,1_8,2_61,true,376,1,A335_0,dhtool2025/full-complete-compressed,,1,group-335
A335_1,335,水素エネルギー研究に投資すべき。,1_3,2_58,true,1047,1,A335_1,dhtool2025/full-complete-compressed,,1,group-335
A335_2,335,原発は経産省の天下り利権であり、絶対に反対である。,1_8,2_40,true,472,1,A335_2,dhtool2025/full-complete-compressed,,1,group-335
A336_0,336,デブリを取り出しに成功してから議論すべきである。,1_6,2_34,true,310,1,A336_0,dhtool2025/full-complete-compressed,,1,group-336
A336_1,336,水素サイクルを早く回すべきである。,1_3,2_58,true,1016,1,A336_1,dhtool2025/full-complete-compressed,,1,group-336
A337_0,337,政府の第７次エネルギー基本計画（案）には反対である。,1_7,2_47,false,1057,10,A102_0,dhtool2025/full-complete-compressed,,1,group-337
A337_1,337,水素社会推進法を無視しないでほしい。,1_3,2_26,true,1002,1,A337_1,dhtool2025/full-complete-compressed,,1,group-337
A338_0,338,日本に原発は要らない。,1_5,2_5,true,40,4,A338_0,dhtool2025/full-complete-compressed,,1,group-338
A338_0,339,日本に原発は要らない。,1_5,2_5,true,40,4,A338_0,dhtool2025/full-complete-compressed,,1,group-339
A338_0,340,日本に原発は要らない。,1_5,2_5,true,40,4,A338_0,dhtool2025/full-complete-compressed,,1,group-340
A338_0,344,日本に原発は要らない。,1_5,2_5,true,40,4,A338_0,dhtool2025/full-complete-compressed,,1,group-344
A338_0,345,日本に原発は要らない。,1_5,2_5,true,40,4,A338_0,dhtool2025/full-complete-compressed,,1,group-345
A338_1,338,ダレスドクトリンに関して、誰が責任を取るのか疑問である。,1_6,2_27,true,216,1,A338_1,dhtool2025/full-complete-compressed,,1,group-338
A339_1,339,オレーシニクの脅威がある。,1_8,2_23,true,702,1,A339_1,dhtool2025/full-complete-compressed,,1,group-339
A340_1,340,地震で大変なリスクがある。,1_6,2_50,true,5,1,A340_1,dhtool2025/full-complete-compressed,,1,group-340
A341_0,341,日本に原発は、いらない。,1_5,2_5,false,40,4,A338_0,dhtool2025/full-complete-compressed,,1,group-341
A342_1,342,放射能が嫌い,1_6,2_6,true,201,1,A342_1,dhtool2025/full-complete-compressed,,1,group-342
A343_0,343,デブリ一つも取り出せない状況に対して不満を持っている,1_6,2_34,false,309,3,A230_1,dhtool2025/full-complete-compressed,,1,group-343
A343_1,343,原発の再稼働や新規建設に反対するべき,1_8,2_46,true,230,7,A343_1,dhtool2025/full-complete-compressed,,1,group-343
A343_2,343,廃炉を支持するべき,1_8,2_15,true,384,2,A343_2,dhtool2025/full-complete-compressed,,1,group-343
A343_3,343,水素サイクルにシフトする必要がある,1_3,2_58,true,1017,1,A343_3,dhtool2025/full-complete-compressed,,1,group-343
A344_1,344,水素サイクル発電が良い。,1_3,2_58,false,1014,2,A326_1,dhtool2025/full-complete-compressed,,1,group-344
A345_1,345,オレーシニクなどで、東京砂漠になるリスクがある。,1_6,2_50,true,703,1,A345_1,dhtool2025/full-complete-compressed,,1,group-345
A346_1,346,デブリを一つも取り出せない現状を問題視するべきである。,1_6,2_34,false,309,3,A230_1,dhtool2025/full-complete-compressed,,1,group-346
A346_2,346,水素社会へシフトするべきである。,1_3,2_26,false,1000,3,A230_2,dhtool2025/full-complete-compressed,,1,group-346
A347_0,347,経産省のエネルギー計画に反対する,1_7,2_48,true,606,1,A347_0,dhtool2025/full-complete-compressed,,1,group-347
A347_1,347,原子力を推進することは国民に負担を強いることになる,1_8,2_15,true,448,1,A347_1,dhtool2025/full-complete-compressed,,1,group-347
A348_0,348,原発の費用は低く見積もりすぎではないか。,1_5,2_24,false,252,2,A322_0,dhtool2025/full-complete-compressed,,1,group-348
A349_0,349,福島第一の処理が見通し立たないのに、原発をメインに据えるのはやめるべき,1_6,2_29,true,126,1,A349_0,dhtool2025/full-complete-compressed,,1,group-349
A350_0,350,水素エネルギーをメインにするべきである,1_3,2_58,true,1046,1,A350_0,dhtool2025/full-complete-compressed,,1,group-350
A351_0,351,水素エネルギーを推進すべきである。,1_3,2_58,false,1045,4,A276_0,dhtool2025/full-complete-compressed,,404,group-351
A351_0,456,水素エネルギーを推進すべきである。,1_3,2_58,false,1045,4,A276_0,dhtool2025/full-complete-compressed,,1,group-456
A351_1,351,原発のコスト試算は不十分であり、廃炉費用や核のゴミの最終処分費、福島の事故による保証費用を考慮すべきである。,1_5,2_24,true,275,3,A351_1,dhtool2025/full-complete-compressed,,404,group-351
A351_3,351,放射性廃棄物の処理問題が解決されない限り、原発の運用はリスクが高い。,1_6,2_6,false,351,3,A292_1,dhtool2025/full-complete-compressed,,404,group-351
A351_4,351,再生可能エネルギーへの投資を強化し、原子力発電に依存しないエネルギーシステムを構築すべきである。,1_4,2_9,false,1084,2,A270_2,dhtool2025/full-complete-compressed,,404,group-351
A351_5,351,原子力発電所の建設や維持には莫大なコストがかかり、経済的リスクが大きい。,1_5,2_38,false,268,3,A292_3,dhtool2025/full-complete-compressed,,404,group-351
A351_6,351,原子力発電は環境への影響を考慮する必要があり、冷却水の排出が海洋生態系に影響を与える可能性がある。,1_6,2_6,false,164,2,A270_4,dhtool2025/full-complete-compressed,,404,group-351
A352_0,352,30年度の削減目標を66％以上に引き上げるべき,1_1,2_12,false,804,2,A127_2,dhtool2025/full-complete-compressed,,1,group-352
A352_1,352,再エネを最大限普及させるために、自然破壊ではない方法で人里に増やす努力をもっとすべき,1_1,2_25,true,677,1,A352_1,dhtool2025/full-complete-compressed,,1,group-352
A352_2,352,低所得者が再エネを導入しやすくするための支援を増やすべき,1_1,2_25,true,1330,1,A352_2,dhtool2025/full-complete-compressed,,1,group-352
A352_3,352,気候対策に関わる分野の決定プロセスに若者と市民の声をもっと反映させるべき,1_7,2_16,true,553,1,A352_3,dhtool2025/full-complete-compressed,,1,group-352
A353_0,353,メガソーラーによる自然破壊や野生動物の居場所への影響を考慮すべきである。,1_4,2_14,true,682,1,A353_0,dhtool2025/full-complete-compressed,,1,group-353
A353_1,353,新設する際には場所をよく考えるべきである。,1_8,2_41,true,708,1,A353_1,dhtool2025/full-complete-compressed,,1,group-353
A353_2,353,自然破壊をして持続可能エネルギーを作るのは間違っている。,1_4,2_32,true,678,1,A353_2,dhtool2025/full-complete-compressed,,1,group-353
A353_3,353,現在の電力量を削減するべきである。,1_4,2_0,true,1191,1,A353_3,dhtool2025/full-complete-compressed,,1,group-353
A353_4,353,日本は使用量を見直して削減すべきである。,1_1,2_12,true,1192,1,A353_4,dhtool2025/full-complete-compressed,,1,group-353
A353_5,353,未来の子供たちのために自然や動物を守るべきである。,1_1,2_18,true,648,1,A353_5,dhtool2025/full-complete-compressed,,1,group-353
A354_0,354,原発依存度の低減は堅持し、再生可能エネルギーのさらなる活用を求めるべきである。,1_4,2_13,true,412,3,A354_0,dhtool2025/full-complete-compressed,,1,group-354
A354_1,354,原子力事業は数世代にわたりリスクとコストを強いるため、方針転換に反対し撤回を求める。,1_5,2_30,false,523,3,A147_1,dhtool2025/full-complete-compressed,,1,group-354
A354_2,354,原発は放射性廃棄物を生み出し、トラブルが多く電力需給の解決には役立たない。,1_6,2_6,false,342,3,A147_2,dhtool2025/full-complete-compressed,,1,group-354
A354_3,354,福島第一原発事故の影響を考慮し、被害者救済や再生可能エネルギー施策への財政投入を最優先すべきである。,1_6,2_29,true,124,2,A354_3,dhtool2025/full-complete-compressed,,1,group-354
A354_4,354,核燃料サイクルは破綻しており、原発の稼働には反対し、脱原発を進める必要がある。,1_5,2_33,true,360,2,A354_4,dhtool2025/full-complete-compressed,,1,group-354
A354_5,354,老朽原発は運転の危険が高く、廃炉すべきである。,1_8,2_41,false,354,2,A147_5,dhtool2025/full-complete-compressed,,1,group-354
A354_6,354,エネルギー政策に関する議論は国民にわかりやすく伝え、民主的で透明性の高いプロセスを確保すべきである。,1_7,2_54,false,1269,2,A261_5,dhtool2025/full-complete-compressed,,1,group-354
A355_0,355,温室効果は地球温暖化の主要な要因である。,1_1,2_12,true,841,1,A355_0,dhtool2025/full-complete-compressed,,10,group-355
A355_1,355,温室効果を抑制するための対策が必要である。,1_1,2_12,true,820,1,A355_1,dhtool2025/full-complete-compressed,,10,group-355
A356_0,356,原子力発電、特に核融合発電の研究をさらに推進し、実用化を早めるべきである。,1_4,2_39,true,1167,1,A356_0,dhtool2025/full-complete-compressed,,1,group-356
A356_1,356,太陽光発電の推進は自然破壊・景観破壊につながるため、これ以上進めるべきではない。,1_4,2_22,false,1113,2,A235_0,dhtool2025/full-complete-compressed,,1,group-356
A356_2,356,ペロブスカイト太陽電池は工業国の電力を賄うには難しいと考える。,1_4,2_22,true,1131,1,A356_2,dhtool2025/full-complete-compressed,,1,group-356
A356_3,356,風力発電のブレード問題を考慮し、蓄電池の開発を最優先すべきである。,1_4,2_60,true,1224,1,A356_3,dhtool2025/full-complete-compressed,,1,group-356
A356_4,356,自然エネルギーで発電した電気を蓄える安定した出力の電池の開発が必要である。,1_4,2_9,true,1171,1,A356_4,dhtool2025/full-complete-compressed,,1,group-356
A356_5,356,電線の地中化を進めるべきである。,1_8,2_15,true,1186,1,A356_5,dhtool2025/full-complete-compressed,,1,group-356
A356_6,356,ハイブリッドな発電所の計画を期待したい。,1_4,2_39,true,1162,1,A356_6,dhtool2025/full-complete-compressed,,1,group-356
A356_7,356,高レベル放射性廃棄物処理施設の法改正や新法の制定を進めるべきである。,1_6,2_6,true,329,1,A356_7,dhtool2025/full-complete-compressed,,1,group-356
A356_8,356,エネルギーは国の最重要課題であり、自前のエネルギー確保を最優先に考えるべきである。,1_1,2_25,true,1256,1,A356_8,dhtool2025/full-complete-compressed,,1,group-356
A356_9,356,核融合発電、蓄電池の開発、アンモニア発電、バイオマス発電、燃料電池に期待している。,1_4,2_39,true,1163,1,A356_9,dhtool2025/full-complete-compressed,,1,group-356
A357_1,357,放射性廃棄物は数千年にわたって安全に保管される必要がある。,1_6,2_6,true,340,1,A357_1,dhtool2025/full-complete-compressed,,165,group-357
A357_2,357,原発事故は環境を長期間にわたって汚染する可能性がある。,1_6,2_31,true,182,2,A357_2,dhtool2025/full-complete-compressed,,165,group-357
A357_3,357,原発事故や運転中の放射線漏れにより、周辺住民が健康被害を受ける可能性がある。,1_6,2_31,false,185,4,A361_3,dhtool2025/full-complete-compressed,,165,group-357
A357_3,370,原発事故や運転中の放射線漏れにより、周辺住民が健康被害を受ける可能性がある。,1_6,2_31,false,185,4,A361_3,dhtool2025/full-complete-compressed,,35,group-370
A357_4,357,原発事故の後遺症や不安が住民の精神的健康に影響を及ぼす。,1_6,2_31,false,184,3,A361_4,dhtool2025/full-complete-compressed,,165,group-357
A357_5,357,原子力発電所の建設や運営、廃炉には高コストがかかる。,1_5,2_38,true,269,2,A357_5,dhtool2025/full-complete-compressed,,165,group-357
A357_6,357,原発事故が発生すると、その被害の修復や補償に多額の費用がかかる。,1_5,2_10,true,287,2,A357_6,dhtool2025/full-complete-compressed,,165,group-357
A357_6,361,原発事故が発生すると、その被害の修復や補償に多額の費用がかかる。,1_5,2_10,true,287,2,A357_6,dhtool2025/full-complete-compressed,,1,group-361
A357_6,362,原発事故が発生すると、その被害の修復や補償に多額の費用がかかる。,1_5,2_10,true,287,2,A357_6,dhtool2025/full-complete-compressed,,166,group-362
A357_6,365,原発事故が発生すると、その被害の修復や補償に多額の費用がかかる。,1_5,2_10,true,287,2,A357_6,dhtool2025/full-complete-compressed,,59,group-365
A357_6,367,原発事故が発生すると、その被害の修復や補償に多額の費用がかかる。,1_5,2_10,true,287,2,A357_6,dhtool2025/full-complete-compressed,,26,group-367
A357_6,371,原発事故が発生すると、その被害の修復や補償に多額の費用がかかる。,1_5,2_10,true,287,2,A357_6,dhtool2025/full-complete-compressed,,1,group-371
A357_6,382,原発事故が発生すると、その被害の修復や補償に多額の費用がかかる。,1_5,2_10,true,287,2,A357_6,dhtool2025/full-complete-compressed,,1,group-382
A357_6,451,原発事故が発生すると、その被害の修復や補償に多額の費用がかかる。,1_5,2_10,true,287,2,A357_6,dhtool2025/full-complete-compressed,,1,group-451
A357_7,357,再生可能エネルギーを推進することで原発の必要性を減らすべきである。,1_4,2_20,false,1073,6,A370_7,dhtool2025/full-complete-compressed,,165,group-357
A357_8,357,エネルギー源の多様化により、原発依存を減らすことができる。,1_4,2_20,false,406,5,A361_8,dhtool2025/full-complete-compressed,,165,group-357
A358_0,358,第７次エネルギー基本計画（案）に対して意見を述べる必要がある。,1_7,2_47,true,1061,1,A358_0,dhtool2025/full-complete-compressed,,1,group-358
A360_0,360,原発の再稼働や新増設は核のごみを出し続けることになるため反対である。,1_8,2_46,false,227,2,A147_4,dhtool2025/full-complete-compressed,,1,group-360
A360_1,360,核燃料サイクルは破綻しており、核のごみの問題は解決していない。,1_5,2_33,false,360,2,A354_4,dhtool2025/full-complete-compressed,,1,group-360
A360_2,360,核のごみや廃炉について国民的な議論を行い、脱原発を進める必要がある。,1_6,2_49,true,323,2,A360_2,dhtool2025/full-complete-compressed,,1,group-360
A361_1,361,原子力発電所で使用される核燃料は、使用後に放射性廃棄物として処理され、数千年にわたって安全に保管される必要がある。,1_6,2_6,true,338,2,A361_1,dhtool2025/full-complete-compressed,,1,group-361
A361_1,362,原子力発電所で使用される核燃料は、使用後に放射性廃棄物として処理され、数千年にわたって安全に保管される必要がある。,1_6,2_6,true,338,2,A361_1,dhtool2025/full-complete-compressed,,166,group-362
A361_1,364,原子力発電所で使用される核燃料は、使用後に放射性廃棄物として処理され、数千年にわたって安全に保管される必要がある。,1_6,2_6,true,338,2,A361_1,dhtool2025/full-complete-compressed,,70,group-364
A361_1,365,原子力発電所で使用される核燃料は、使用後に放射性廃棄物として処理され、数千年にわたって安全に保管される必要がある。,1_6,2_6,true,338,2,A361_1,dhtool2025/full-complete-compressed,,59,group-365
A361_2,361,原発事故の際には放射性物質が環境を汚染する可能性がある。,1_6,2_31,false,183,5,A362_0,dhtool2025/full-complete-compressed,,1,group-361
A361_2,364,原発事故の際には放射性物質が環境を汚染する可能性がある。,1_6,2_31,false,183,5,A362_0,dhtool2025/full-complete-compressed,,70,group-364
A361_3,361,原発事故や運転中の放射線漏れにより、周辺住民が放射線にさらされることがあり、長期的な健康被害が懸念される。,1_6,2_31,true,185,4,A361_3,dhtool2025/full-complete-compressed,,1,group-361
A361_3,362,原発事故や運転中の放射線漏れにより、周辺住民が放射線にさらされることがあり、長期的な健康被害が懸念される。,1_6,2_31,true,185,4,A361_3,dhtool2025/full-complete-compressed,,166,group-362
A361_3,364,原発事故や運転中の放射線漏れにより、周辺住民が放射線にさらされることがあり、長期的な健康被害が懸念される。,1_6,2_31,true,185,4,A361_3,dhtool2025/full-complete-compressed,,70,group-364
A361_3,365,原発事故や運転中の放射線漏れにより、周辺住民が放射線にさらされることがあり、長期的な健康被害が懸念される。,1_6,2_31,true,185,4,A361_3,dhtool2025/full-complete-compressed,,59,group-365
A361_3,371,原発事故や運転中の放射線漏れにより、周辺住民が放射線にさらされることがあり、長期的な健康被害が懸念される。,1_6,2_31,true,185,4,A361_3,dhtool2025/full-complete-compressed,,1,group-371
A361_3,382,原発事故や運転中の放射線漏れにより、周辺住民が放射線にさらされることがあり、長期的な健康被害が懸念される。,1_6,2_31,true,185,4,A361_3,dhtool2025/full-complete-compressed,,1,group-382
A361_3,451,原発事故や運転中の放射線漏れにより、周辺住民が放射線にさらされることがあり、長期的な健康被害が懸念される。,1_6,2_31,true,185,4,A361_3,dhtool2025/full-complete-compressed,,1,group-451
A361_4,361,原発事故の後遺症や不安により、住民の精神的健康にも影響を及ぼす。,1_6,2_31,true,184,3,A361_4,dhtool2025/full-complete-compressed,,1,group-361
A361_4,362,原発事故の後遺症や不安により、住民の精神的健康にも影響を及ぼす。,1_6,2_31,true,184,3,A361_4,dhtool2025/full-complete-compressed,,166,group-362
A361_4,365,原発事故の後遺症や不安により、住民の精神的健康にも影響を及ぼす。,1_6,2_31,true,184,3,A361_4,dhtool2025/full-complete-compressed,,59,group-365
A361_4,367,原発事故の後遺症や不安により、住民の精神的健康にも影響を及ぼす。,1_6,2_31,true,184,3,A361_4,dhtool2025/full-complete-compressed,,26,group-367
A361_4,371,原発事故の後遺症や不安により、住民の精神的健康にも影響を及ぼす。,1_6,2_31,true,184,3,A361_4,dhtool2025/full-complete-compressed,,1,group-371
A361_4,382,原発事故の後遺症や不安により、住民の精神的健康にも影響を及ぼす。,1_6,2_31,true,184,3,A361_4,dhtool2025/full-complete-compressed,,1,group-382
A361_4,451,原発事故の後遺症や不安により、住民の精神的健康にも影響を及ぼす。,1_6,2_31,true,184,3,A361_4,dhtool2025/full-complete-compressed,,1,group-451
A361_5,361,原子力発電所の建設や運営、廃炉には高コストがかかり、他のエネルギー源への投資が制限されることがある。,1_5,2_38,false,267,4,A362_3,dhtool2025/full-complete-compressed,,1,group-361
A361_7,361,再生可能エネルギー（風力、太陽光、水力など）を推進することで、原発の必要性を減らすことができる。,1_4,2_20,false,1073,6,A370_7,dhtool2025/full-complete-compressed,,1,group-361
A361_8,361,エネルギー源の多様化により、エネルギー供給の安定性が向上し、原発依存を減らすことができる。,1_4,2_20,true,406,5,A361_8,dhtool2025/full-complete-compressed,,1,group-361
A361_8,362,エネルギー源の多様化により、エネルギー供給の安定性が向上し、原発依存を減らすことができる。,1_4,2_20,true,406,5,A361_8,dhtool2025/full-complete-compressed,,166,group-362
A361_8,367,エネルギー源の多様化により、エネルギー供給の安定性が向上し、原発依存を減らすことができる。,1_4,2_20,true,406,5,A361_8,dhtool2025/full-complete-compressed,,26,group-367
A361_8,370,エネルギー源の多様化により、エネルギー供給の安定性が向上し、原発依存を減らすことができる。,1_4,2_20,true,406,5,A361_8,dhtool2025/full-complete-compressed,,35,group-370
A361_8,371,エネルギー源の多様化により、エネルギー供給の安定性が向上し、原発依存を減らすことができる。,1_4,2_20,true,406,5,A361_8,dhtool2025/full-complete-compressed,,1,group-371
A361_8,375,エネルギー源の多様化により、エネルギー供給の安定性が向上し、原発依存を減らすことができる。,1_4,2_20,true,406,5,A361_8,dhtool2025/full-complete-compressed,,13,group-375
A361_8,382,エネルギー源の多様化により、エネルギー供給の安定性が向上し、原発依存を減らすことができる。,1_4,2_20,true,406,5,A361_8,dhtool2025/full-complete-compressed,,1,group-382
A361_8,451,エネルギー源の多様化により、エネルギー供給の安定性が向上し、原発依存を減らすことができる。,1_4,2_20,true,406,5,A361_8,dhtool2025/full-complete-compressed,,1,group-451
A361_9,361,水素発電は環境への影響が少なく、持続可能なエネルギー源として期待される。,1_3,2_56,true,1006,2,A361_9,dhtool2025/full-complete-compressed,,1,group-361
A361_10,361,水素発電は再生可能エネルギー資源を活用することができ、エネルギー供給の多様化に寄与する。,1_3,2_56,true,1009,2,A361_10,dhtool2025/full-complete-compressed,,1,group-361
A362_0,362,原発事故の際には放射性物質が大気や土壌、水源に広がり、長期間にわたって環境を汚染する可能性がある。,1_6,2_31,true,183,5,A362_0,dhtool2025/full-complete-compressed,,166,group-362
A362_0,365,原発事故の際には放射性物質が大気や土壌、水源に広がり、長期間にわたって環境を汚染する可能性がある。,1_6,2_31,true,183,5,A362_0,dhtool2025/full-complete-compressed,,59,group-365
A362_0,371,原発事故の際には放射性物質が大気や土壌、水源に広がり、長期間にわたって環境を汚染する可能性がある。,1_6,2_31,true,183,5,A362_0,dhtool2025/full-complete-compressed,,1,group-371
A362_0,382,原発事故の際には放射性物質が大気や土壌、水源に広がり、長期間にわたって環境を汚染する可能性がある。,1_6,2_31,true,183,5,A362_0,dhtool2025/full-complete-compressed,,1,group-382
A362_0,451,原発事故の際には放射性物質が大気や土壌、水源に広がり、長期間にわたって環境を汚染する可能性がある。,1_6,2_31,true,183,5,A362_0,dhtool2025/full-complete-compressed,,1,group-451
A362_3,362,原子力発電所の建設や運営、廃炉には莫大な費用がかかり、他のエネルギー源への投資が制限されることがある。,1_5,2_38,true,267,4,A362_3,dhtool2025/full-complete-compressed,,166,group-362
A362_3,364,原子力発電所の建設や運営、廃炉には莫大な費用がかかり、他のエネルギー源への投資が制限されることがある。,1_5,2_38,true,267,4,A362_3,dhtool2025/full-complete-compressed,,70,group-364
A362_3,365,原子力発電所の建設や運営、廃炉には莫大な費用がかかり、他のエネルギー源への投資が制限されることがある。,1_5,2_38,true,267,4,A362_3,dhtool2025/full-complete-compressed,,59,group-365
A362_3,371,原子力発電所の建設や運営、廃炉には莫大な費用がかかり、他のエネルギー源への投資が制限されることがある。,1_5,2_38,true,267,4,A362_3,dhtool2025/full-complete-compressed,,1,group-371
A362_3,382,原子力発電所の建設や運営、廃炉には莫大な費用がかかり、他のエネルギー源への投資が制限されることがある。,1_5,2_38,true,267,4,A362_3,dhtool2025/full-complete-compressed,,1,group-382
A362_3,451,原子力発電所の建設や運営、廃炉には莫大な費用がかかり、他のエネルギー源への投資が制限されることがある。,1_5,2_38,true,267,4,A362_3,dhtool2025/full-complete-compressed,,1,group-451
A362_5,362,再生可能エネルギー（風力、太陽光、水力など）は環境に優しく、持続可能なエネルギー源であり、これらに注力することで原発の必要性を減らすことができる。,1_4,2_20,true,1072,4,A362_5,dhtool2025/full-complete-compressed,,166,group-362
A362_5,371,再生可能エネルギー（風力、太陽光、水力など）は環境に優しく、持続可能なエネルギー源であり、これらに注力することで原発の必要性を減らすことができる。,1_4,2_20,true,1072,4,A362_5,dhtool2025/full-complete-compressed,,1,group-371
A362_5,382,再生可能エネルギー（風力、太陽光、水力など）は環境に優しく、持続可能なエネルギー源であり、これらに注力することで原発の必要性を減らすことができる。,1_4,2_20,true,1072,4,A362_5,dhtool2025/full-complete-compressed,,1,group-382
A362_5,451,再生可能エネルギー（風力、太陽光、水力など）は環境に優しく、持続可能なエネルギー源であり、これらに注力することで原発の必要性を減らすことができる。,1_4,2_20,true,1072,4,A362_5,dhtool2025/full-complete-compressed,,1,group-451
A362_7,362,水素発電は二酸化炭素を排出しないため、環境への影響が少なく、地球温暖化の影響を抑えることができる。,1_3,2_56,true,1005,4,A362_7,dhtool2025/full-complete-compressed,,166,group-362
A362_7,364,水素発電は二酸化炭素を排出しないため、環境への影響が少なく、地球温暖化の影響を抑えることができる。,1_3,2_56,true,1005,4,A362_7,dhtool2025/full-complete-compressed,,70,group-364
A362_8,362,水素は再生可能エネルギー資源を活用して生成されるため、持続可能なエネルギー源として期待される。,1_3,2_56,true,1007,3,A362_8,dhtool2025/full-complete-compressed,,166,group-362
A363_0,363,原発事故の際には放射性物質が大気や土壌、水源に広がり、長期間にわたって環境を汚染する可能性がある,1_6,2_31,false,183,5,A362_0,dhtool2025/full-complete-compressed,,67,group-363
A363_0,366,原発事故の際には放射性物質が大気や土壌、水源に広がり、長期間にわたって環境を汚染する可能性がある,1_6,2_31,false,183,5,A362_0,dhtool2025/full-complete-compressed,,16,group-366
A363_1,363,原発事故や運転中の放射線漏れにより、周辺住民が放射線にさらされることがあり、長期的な健康被害が懸念される,1_6,2_31,false,185,4,A361_3,dhtool2025/full-complete-compressed,,67,group-363
A363_1,366,原発事故や運転中の放射線漏れにより、周辺住民が放射線にさらされることがあり、長期的な健康被害が懸念される,1_6,2_31,false,185,4,A361_3,dhtool2025/full-complete-compressed,,16,group-366
A363_2,363,原発事故の後遺症や不安により、住民の精神的健康にも影響を及ぼす,1_6,2_31,false,184,3,A361_4,dhtool2025/full-complete-compressed,,67,group-363
A363_2,366,原発事故の後遺症や不安により、住民の精神的健康にも影響を及ぼす,1_6,2_31,false,184,3,A361_4,dhtool2025/full-complete-compressed,,16,group-366
A363_3,363,原子力発電所の建設や運営、廃炉には莫大な費用がかかり、他のエネルギー源への投資が制限されることがある,1_5,2_38,false,267,4,A362_3,dhtool2025/full-complete-compressed,,67,group-363
A363_3,366,原子力発電所の建設や運営、廃炉には莫大な費用がかかり、他のエネルギー源への投資が制限されることがある,1_5,2_38,false,267,4,A362_3,dhtool2025/full-complete-compressed,,16,group-366
A363_4,363,原発事故が発生すると、その被害の修復や補償に多額の費用がかかる,1_5,2_10,false,287,2,A357_6,dhtool2025/full-complete-compressed,,67,group-363
A363_4,366,原発事故が発生すると、その被害の修復や補償に多額の費用がかかる,1_5,2_10,false,287,2,A357_6,dhtool2025/full-complete-compressed,,16,group-366
A363_5,363,再生可能エネルギー（風力、太陽光、水力など）は環境に優しく、持続可能なエネルギー源であり、これらに注力することで原発の必要性を減らすことができる,1_4,2_20,false,1072,4,A362_5,dhtool2025/full-complete-compressed,,67,group-363
A363_5,366,再生可能エネルギー（風力、太陽光、水力など）は環境に優しく、持続可能なエネルギー源であり、これらに注力することで原発の必要性を減らすことができる,1_4,2_20,false,1072,4,A362_5,dhtool2025/full-complete-compressed,,16,group-366
A363_6,363,エネルギー源の多様化によりエネルギー供給の安定性が向上し、原発依存を減らすことができる,1_4,2_20,false,406,5,A361_8,dhtool2025/full-complete-compressed,,67,group-363
A364_1,364,水素は水素化学物質やバイオマスから生成されるため、再生可能エネルギー資源を活用できる。,1_3,2_56,false,1008,2,A365_8,dhtool2025/full-complete-compressed,,70,group-364
A364_1,367,水素は水素化学物質やバイオマスから生成されるため、再生可能エネルギー資源を活用できる。,1_3,2_56,false,1008,2,A365_8,dhtool2025/full-complete-compressed,,26,group-367
A364_2,364,水素発電は化石燃料に依存しないため、エネルギー供給の多様化に寄与する。,1_3,2_56,false,1009,2,A361_10,dhtool2025/full-complete-compressed,,70,group-364
A364_2,365,水素発電は化石燃料に依存しないため、エネルギー供給の多様化に寄与する。,1_3,2_56,false,1009,2,A361_10,dhtool2025/full-complete-compressed,,59,group-365
A364_2,367,水素発電は化石燃料に依存しないため、エネルギー供給の多様化に寄与する。,1_3,2_56,false,1009,2,A361_10,dhtool2025/full-complete-compressed,,26,group-367
A364_2,370,水素発電は化石燃料に依存しないため、エネルギー供給の多様化に寄与する。,1_3,2_56,false,1009,2,A361_10,dhtool2025/full-complete-compressed,,35,group-370
A364_2,375,水素発電は化石燃料に依存しないため、エネルギー供給の多様化に寄与する。,1_3,2_56,false,1009,2,A361_10,dhtool2025/full-complete-compressed,,13,group-375
A364_3,364,水素は無尽蔵に存在するため、持続可能なエネルギー源として期待される。,1_3,2_56,false,1007,3,A362_8,dhtool2025/full-complete-compressed,,70,group-364
A364_3,365,水素は無尽蔵に存在するため、持続可能なエネルギー源として期待される。,1_3,2_56,false,1007,3,A362_8,dhtool2025/full-complete-compressed,,59,group-365
A364_3,367,水素は無尽蔵に存在するため、持続可能なエネルギー源として期待される。,1_3,2_56,false,1007,3,A362_8,dhtool2025/full-complete-compressed,,26,group-367
A364_8,364,再生可能エネルギー（風力、太陽光、水力など）に注力することで、原発の必要性を減らすことができる。,1_4,2_20,false,1073,6,A370_7,dhtool2025/full-complete-compressed,,70,group-364
A364_9,364,エネルギー源の多様化によりエネルギー供給の安定性が向上し、原発依存を減らすことができる。,1_4,2_20,false,406,5,A361_8,dhtool2025/full-complete-compressed,,70,group-364
A364_9,365,エネルギー源の多様化によりエネルギー供給の安定性が向上し、原発依存を減らすことができる。,1_4,2_20,false,406,5,A361_8,dhtool2025/full-complete-compressed,,59,group-365
A365_5,365,再生可能エネルギー（風力、太陽光、水力など）は環境に優しく、持続可能なエネルギー源であり、原発の必要性を減らすことができる。,1_4,2_20,false,1072,4,A362_5,dhtool2025/full-complete-compressed,,59,group-365
A365_7,365,水素発電は二酸化炭素を排出しないため、地球温暖化の影響を抑えることができる。,1_3,2_56,false,1005,4,A362_7,dhtool2025/full-complete-compressed,,59,group-365
A365_7,367,水素発電は二酸化炭素を排出しないため、地球温暖化の影響を抑えることができる。,1_3,2_56,false,1005,4,A362_7,dhtool2025/full-complete-compressed,,26,group-367
A365_8,365,水素は水素化学物質やバイオマスから生成されるため、再生可能エネルギー資源を活用することができる。,1_3,2_56,true,1008,2,A365_8,dhtool2025/full-complete-compressed,,59,group-365
A366_6,366,エネルギー源の多様化により、エネルギー供給の安定性が向上し、原発依存を減らすことができる,1_4,2_20,false,406,5,A361_8,dhtool2025/full-complete-compressed,,16,group-366
A367_4,367,原子力発電所で使用される核燃料は、使用後に放射性廃棄物として処理される必要がある。,1_6,2_6,false,338,2,A361_1,dhtool2025/full-complete-compressed,,26,group-367
A367_5,367,原発事故の際には放射性物質が大気や土壌、水源に広がり、環境を汚染する可能性がある。,1_6,2_31,false,183,5,A362_0,dhtool2025/full-complete-compressed,,26,group-367
A367_6,367,原発事故や運転中の放射線漏れにより、周辺住民が放射線にさらされることがある。,1_6,2_31,false,185,4,A361_3,dhtool2025/full-complete-compressed,,26,group-367
A367_8,367,原子力発電所の建設や運営、廃炉には莫大な費用がかかる。,1_5,2_38,false,269,2,A357_5,dhtool2025/full-complete-compressed,,26,group-367
A367_10,367,再生可能エネルギー（風力、太陽光、水力など）は、環境に優しく、持続可能なエネルギー源である。,1_4,2_20,false,1072,4,A362_5,dhtool2025/full-complete-compressed,,26,group-367
A367_11,367,再生可能エネルギーに注力することで、原発の必要性を減らすことができる。,1_4,2_20,false,1073,6,A370_7,dhtool2025/full-complete-compressed,,26,group-367
A369_0,369,カーボンニュートラルは幻であり、無駄な時間を使うべきではない。,1_2,2_17,true,899,1,A369_0,dhtool2025/full-complete-compressed,,1,group-369
A369_1,369,原発は一切止めるべきである。,1_8,2_15,true,394,3,A369_1,dhtool2025/full-complete-compressed,,1,group-369
A369_2,369,福島原発は何も収束していない。,1_6,2_19,true,133,2,A369_2,dhtool2025/full-complete-compressed,,1,group-369
A370_0,370,水素発電は環境への影響が少なく、二酸化炭素を排出しないため、地球温暖化の影響を抑えることができる。,1_3,2_56,false,1005,4,A362_7,dhtool2025/full-complete-compressed,,35,group-370
A370_1,370,水素は再生可能エネルギー資源を活用できるため、持続可能なエネルギー源として期待される。,1_3,2_56,false,1007,3,A362_8,dhtool2025/full-complete-compressed,,35,group-370
A370_1,375,水素は再生可能エネルギー資源を活用できるため、持続可能なエネルギー源として期待される。,1_3,2_56,false,1007,3,A362_8,dhtool2025/full-complete-compressed,,13,group-375
A370_3,370,原子力発電は放射性廃棄物を生じ、長期間にわたって安全に保管する必要がある。,1_6,2_6,true,339,2,A370_3,dhtool2025/full-complete-compressed,,35,group-370
A370_4,370,原発事故は環境汚染を引き起こし、長期間にわたって影響を及ぼす可能性がある。,1_6,2_31,false,182,2,A357_2,dhtool2025/full-complete-compressed,,35,group-370
A370_6,370,原子力発電所の建設や運営には高コストがかかり、他のエネルギー源への投資が制限されることがある。,1_5,2_38,false,267,4,A362_3,dhtool2025/full-complete-compressed,,35,group-370
A370_6,375,原子力発電所の建設や運営には高コストがかかり、他のエネルギー源への投資が制限されることがある。,1_5,2_38,false,267,4,A362_3,dhtool2025/full-complete-compressed,,13,group-375
A370_7,370,再生可能エネルギーの推進により、原発の必要性を減らすことができる。,1_4,2_20,true,1073,6,A370_7,dhtool2025/full-complete-compressed,,35,group-370
A370_7,375,再生可能エネルギーの推進により、原発の必要性を減らすことができる。,1_4,2_20,true,1073,6,A370_7,dhtool2025/full-complete-compressed,,13,group-375
A372_0,372,火力の脱炭素化ではなく、化石燃料からの脱却を目指し、特に石炭火力については廃止年を明確に示すべき,1_2,2_3,false,995,4,A243_1,dhtool2025/full-complete-compressed,,1,group-372
A372_1,372,石炭火力発電はLNG火力発電の約2倍のCO2を排出し、地球温暖化を加速させるため、国際エネルギー機関（IEA）の提言に従い、2030年までに先進国は石炭火力を全廃すべき,1_2,2_42,true,951,3,A372_1,dhtool2025/full-complete-compressed,,1,group-372
A372_2,372,日本はCOP28で化石燃料からの脱却に合意したため、2030年代前半までに石炭火力をゼロにする必要がある,1_2,2_42,false,978,2,A239_2,dhtool2025/full-complete-compressed,,1,group-372
A372_3,372,水素発電は二酸化炭素を排出せず、再生可能エネルギーを活用できるため、環境への影響が少なく、持続可能なエネルギー源として期待される,1_3,2_56,false,1006,2,A361_9,dhtool2025/full-complete-compressed,,1,group-372
A372_4,372,原発は放射性廃棄物の処理が必要であり、環境への影響が懸念されるため反対すべき,1_6,2_6,true,353,1,A372_4,dhtool2025/full-complete-compressed,,1,group-372
A373_0,373,事業者の自主的な取り組みによるフェードアウトでは、1.5℃目標に整合する形での石炭火力廃止が進まないため、国として石炭火力の廃止時期を明確に示すべきである。,1_2,2_3,false,997,2,A240_1,dhtool2025/full-complete-compressed,,1,group-373
A373_1,373,2033年度末までに事業者の自主的な取り組みで廃止される石炭火力は全体の約5％に過ぎず、これでは1.5℃目標や2030年度の電源構成の目標、2050年ネットゼロ目標の達成ができない。,1_2,2_42,false,970,3,A244_1,dhtool2025/full-complete-compressed,,1,group-373
A374_0,374,原子力事業は日本社会に長期的なリスクとコストを強いるため、方針転換に反対し撤回を求めるべきである。,1_5,2_30,false,523,3,A147_1,dhtool2025/full-complete-compressed,,1,group-374
A374_1,374,原発は放射線汚染を伴い、管理が何万年も必要な核のごみを生み出すため、電力需給の解決には役立たない。,1_6,2_6,false,342,3,A147_2,dhtool2025/full-complete-compressed,,1,group-374
A374_2,374,福島第一原発事故の影響を受けた人々の救済や事故原因の究明を最優先し、脱原発と再生可能エネルギー施策への財政投入を進めるべきである。,1_6,2_29,false,124,2,A354_3,dhtool2025/full-complete-compressed,,1,group-374
A374_3,374,原発の再稼働や新増設は核のごみを生み出し続けるため、国民的な議論を行い脱原発を進める必要がある。,1_8,2_40,false,323,2,A360_2,dhtool2025/full-complete-compressed,,1,group-374
A375_0,375,水素発電は環境への影響が少なく、二酸化炭素を排出しないため地球温暖化の影響を抑えることができる。,1_3,2_56,false,1005,4,A362_7,dhtool2025/full-complete-compressed,,13,group-375
A375_3,375,原子力発電は放射性廃棄物を生じ、長期間にわたって安全に保管する必要があるため、環境への影響が大きい。,1_6,2_6,false,339,2,A370_3,dhtool2025/full-complete-compressed,,13,group-375
A375_4,375,原発事故の際には放射性物質が環境を汚染する可能性があり、長期的な健康被害が懸念される。,1_6,2_31,false,183,5,A362_0,dhtool2025/full-complete-compressed,,13,group-375
A376_1,376,現在、CO2排出を90%以上削減できる基準を満たす石炭火力発電所は存在しない。,1_2,2_42,true,923,1,A376_1,dhtool2025/full-complete-compressed,,1,group-376
A376_2,376,「各国の事情に応じた多様な道筋を認めつつ」という表現だけでは、日本の石炭火力全廃に向けた取り組みが失速する懸念がある。,1_2,2_42,true,984,1,A376_2,dhtool2025/full-complete-compressed,,1,group-376
A377_1,377,排出削減対策が講じられていない石炭火力の温存は問題であり、貿易赤字の原因となる。,1_2,2_3,true,982,1,A377_1,dhtool2025/full-complete-compressed,,1,group-377
A377_2,377,日本の国富が散逸しないように、再生可能エネルギーにシフトすべきである。,1_4,2_14,true,1075,1,A377_2,dhtool2025/full-complete-compressed,,1,group-377
A378_0,378,アンモニアやCCUS等を活用した脱炭素化は目指すべきではない。,1_2,2_21,false,901,2,A246_0,dhtool2025/full-complete-compressed,,1,group-378
A378_1,378,長期脱炭素電源オークション等による促進策は見直すべき。,1_2,2_59,true,926,1,A378_1,dhtool2025/full-complete-compressed,,1,group-378
A378_2,378,アンモニアやCCUSを活用した火力の脱炭素化は実現可能性が低く高コストである。,1_2,2_21,true,903,1,A378_2,dhtool2025/full-complete-compressed,,1,group-378
A378_3,378,アンモニア混焼やCCUSを前提とした計画は石炭火力の温存につながる。,1_2,2_21,true,902,2,A378_3,dhtool2025/full-complete-compressed,,1,group-378
A378_4,378,アンモニアは製造時に大量のCO2を排出し、混焼しても脱炭素化にはつながらない。,1_2,2_21,true,857,2,A378_4,dhtool2025/full-complete-compressed,,1,group-378
A378_5,378,海外でのアンモニア製造や輸送時にもCO2が排出され、エネルギーの輸入依存は解決できない。,1_2,2_21,true,856,2,A378_5,dhtool2025/full-complete-compressed,,1,group-378
A378_6,378,20％混焼や50％混焼が実現しても、残りは石炭を燃やすことになる。,1_2,2_42,true,909,1,A378_6,dhtool2025/full-complete-compressed,,1,group-378
A378_7,378,アンモニアの製造やCCUSはコストが高く、電気料金の上昇につながる。,1_2,2_21,true,869,1,A378_7,dhtool2025/full-complete-compressed,,1,group-378
A378_8,378,CCUSは実用化しておらず、気候変動対策として間に合わない。,1_2,2_59,false,904,2,A379_4,dhtool2025/full-complete-compressed,,1,group-378
A378_9,378,CO2の回収・運搬・貯留には大量のエネルギーとコストが必要である。,1_2,2_59,true,915,2,A378_9,dhtool2025/full-complete-compressed,,1,group-378
A378_10,378,地震の多い日本ではCO2を安全に貯留することが難しい。,1_6,2_50,true,916,1,A378_10,dhtool2025/full-complete-compressed,,1,group-378
A378_11,378,海外にCO2を輸出する場合、そのためのコストも必要である。,1_2,2_59,true,942,1,A378_11,dhtool2025/full-complete-compressed,,1,group-378
A379_1,379,アンモニア混焼やCCUSによる火力の脱炭素化は実用化されておらず、石炭火力の温存につながるため、計画として不適切である。,1_2,2_21,false,902,2,A378_3,dhtool2025/full-complete-compressed,,1,group-379
A379_2,379,アンモニアの製造時に大量のCO2が排出され、混焼しても脱炭素化にはつながらない。,1_2,2_21,false,857,2,A378_4,dhtool2025/full-complete-compressed,,1,group-379
A379_3,379,アンモニアの輸送時にもCO2が排出され、エネルギーの輸入依存を解決できない。,1_2,2_21,false,856,2,A378_5,dhtool2025/full-complete-compressed,,1,group-379
A379_4,379,CCUSは実用化されておらず、気候変動対策として間に合わない。,1_2,2_59,true,904,2,A379_4,dhtool2025/full-complete-compressed,,1,group-379
A379_5,379,CO2の回収・運搬・貯留には大量のエネルギーとコストが必要であり、日本の地震の多い環境では安全な貯留が難しい。,1_2,2_59,false,915,2,A378_9,dhtool2025/full-complete-compressed,,1,group-379
A380_1,380,石炭火力は最新型であってもLNG火力の約2倍のCO2を排出するため、開発を推進しても座礁資産となる。,1_2,2_37,true,952,2,A380_1,dhtool2025/full-complete-compressed,,1,group-380
A380_2,380,「高効率」という言葉で本質を捻じ曲げないでほしい。,1_4,2_44,true,776,1,A380_2,dhtool2025/full-complete-compressed,,1,group-380
A381_0,381,このままでは日本はもちろん、地球に生物が存在することが困難になる。,1_1,2_18,true,657,1,A381_0,dhtool2025/full-complete-compressed,,1,group-381
A381_1,381,不可逆的な状況になる前に、本気でかつ透明性をもった審議を望む。,1_7,2_54,true,568,1,A381_1,dhtool2025/full-complete-compressed,,1,group-381
A381_2,381,今の地球をこれからの世代に残していくには今しかない。,1_1,2_18,true,656,1,A381_2,dhtool2025/full-complete-compressed,,1,group-381
A382_7,382,LNG火力の新設は脱火力を妨げ、大量のCO2排出を長期間にわたって固定化してしまう。,1_2,2_37,true,966,3,A382_7,dhtool2025/full-complete-compressed,,1,group-382
A382_8,382,容量市場、長期脱炭素電源オークションの制度は廃止又は抜本的な見直しが必要。,1_2,2_59,true,925,2,A382_8,dhtool2025/full-complete-compressed,,1,group-382
A382_9,382,LNG火力は石炭火力よりはましだが、大量のCO2を排出し続ける。,1_2,2_37,false,952,2,A380_1,dhtool2025/full-complete-compressed,,1,group-382
A383_0,383,コストの安い再生可能エネルギーにシフトすべき,1_4,2_32,false,1082,2,A112_2,dhtool2025/full-complete-compressed,,1,group-383
A383_1,383,再エネ拡大の政策を強く打ち出すべき,1_1,2_25,true,1292,1,A383_1,dhtool2025/full-complete-compressed,,1,group-383
A383_2,383,脱炭素火力では排出削減が間に合わない,1_2,2_3,true,922,1,A383_2,dhtool2025/full-complete-compressed,,1,group-383
A383_3,383,低コストで導入可能な技術を優先する施策が必要,1_1,2_25,true,1159,1,A383_3,dhtool2025/full-complete-compressed,,1,group-383
A383_4,383,水素発電を推進すべき,1_3,2_58,false,1045,4,A276_0,dhtool2025/full-complete-compressed,,1,group-383
A383_5,383,原発には反対である,1_8,2_7,false,217,5,A268_0,dhtool2025/full-complete-compressed,,1,group-383
A384_0,384,LNGガス火力はライフサイクルで見たときにトランジション燃料としては不適である。,1_2,2_37,true,957,1,A384_0,dhtool2025/full-complete-compressed,,1,group-384
A384_1,384,LNGはライフサイクルでのCO2排出が石炭より大きいとの指摘がある。,1_2,2_37,true,955,1,A384_1,dhtool2025/full-complete-compressed,,1,group-384
A384_2,384,LNGの使用は海外の化石燃料への依存を継続し、日本のエネルギー安全保障の問題の改善にならない。,1_2,2_37,true,959,1,A384_2,dhtool2025/full-complete-compressed,,1,group-384
A384_3,384,LNGは座礁資産化する可能性が大きい。,1_2,2_37,true,954,1,A384_3,dhtool2025/full-complete-compressed,,1,group-384
A384_4,384,LNGは発電時のみに限っても、大量のCO2を排出するため、早期に再生可能エネルギーに移行すべきである。,1_2,2_37,true,956,1,A384_4,dhtool2025/full-complete-compressed,,1,group-384
A385_0,385,第７次エネルギー基本計画（案）に反対する,1_7,2_47,false,1057,10,A102_0,dhtool2025/full-complete-compressed,,57,group-385
A385_1,385,原発は不要であり、すべて廃炉にすべきである,1_8,2_15,false,397,2,A282_3,dhtool2025/full-complete-compressed,,57,group-385
A386_0,386,地震の多い我が国において、中央構造線やフォッサマグナ付近に立地する原発は凶器である。,1_6,2_50,true,31,1,A386_0,dhtool2025/full-complete-compressed,,1,group-386
A386_1,386,南海トラフ地震の発生が予見される中、原発に反対である。,1_8,2_41,false,8,2,A233_1,dhtool2025/full-complete-compressed,,1,group-386
A387_0,387,水素発電が現実になりつつある中、原発を推進する政策は時代遅れである。,1_4,2_13,true,489,1,A387_0,dhtool2025/full-complete-compressed,,1,group-387
A387_1,387,原発は地震対策や安全保障の観点からリスクが大きすぎるため反対である。,1_8,2_41,false,72,2,A70_1,dhtool2025/full-complete-compressed,,1,group-387
A388_0,388,反対,1_8,2_28,true,235,2,A388_0,dhtool2025/full-complete-compressed,,2,group-388
A389_0,389,原発はいらない,1_8,2_61,true,381,2,A389_0,dhtool2025/full-complete-compressed,,3,group-389
A389_0,418,原発はいらない,1_8,2_61,true,381,2,A389_0,dhtool2025/full-complete-compressed,,30,group-418
A390_0,390,原発を続けるべきではない,1_8,2_61,true,377,2,A390_0,dhtool2025/full-complete-compressed,,1,group-390
A390_1,390,原発事故のデブリを取り出せないのに原発を続けるのは問題がある,1_6,2_34,false,311,4,A416_1,dhtool2025/full-complete-compressed,,1,group-390
A390_2,390,豊富な資源があるのにそれを活用すべき,1_4,2_13,true,724,2,A390_2,dhtool2025/full-complete-compressed,,1,group-390
A390_3,390,水素エネルギーに注目すべきであり、水素カーの普及が期待される,1_3,2_58,true,1053,1,A390_3,dhtool2025/full-complete-compressed,,1,group-390
A391_0,391,天下り先を考えている人に日本のエネルギーを任せられない,1_8,2_55,true,1345,1,A391_0,dhtool2025/full-complete-compressed,,2,group-391
A391_0,400,天下り先を考えている人に日本のエネルギーを任せられない,1_8,2_55,true,1345,1,A391_0,dhtool2025/full-complete-compressed,,1,group-400
A391_0,474,天下り先を考えている人に日本のエネルギーを任せられない,1_8,2_55,true,1345,1,A391_0,dhtool2025/full-complete-compressed,,1,group-474
A391_1,391,福島原発の廃炉費用が考慮されているか疑問である,1_5,2_24,false,271,3,A474_1,dhtool2025/full-complete-compressed,,2,group-391
A391_1,400,福島原発の廃炉費用が考慮されているか疑問である,1_5,2_24,false,271,3,A474_1,dhtool2025/full-complete-compressed,,1,group-400
A391_2,391,地震が起きたらエネルギー問題は深刻になる,1_6,2_50,true,6,1,A391_2,dhtool2025/full-complete-compressed,,2,group-391
A391_2,400,地震が起きたらエネルギー問題は深刻になる,1_6,2_50,true,6,1,A391_2,dhtool2025/full-complete-compressed,,1,group-400
A391_3,391,水素の時代が来るべきである,1_3,2_58,true,1011,1,A391_3,dhtool2025/full-complete-compressed,,2,group-391
A391_3,400,水素の時代が来るべきである,1_3,2_58,true,1011,1,A391_3,dhtool2025/full-complete-compressed,,1,group-400
A391_4,391,液化水素を作って輸出することを検討すべきである,1_3,2_58,true,1018,2,A391_4,dhtool2025/full-complete-compressed,,2,group-391
A391_4,400,液化水素を作って輸出することを検討すべきである,1_3,2_58,true,1018,2,A391_4,dhtool2025/full-complete-compressed,,1,group-400
A392_0,392,水素が今後のエネルギーとなることで循環型エネルギー社会へ移行できる,1_3,2_58,true,1056,1,A392_0,dhtool2025/full-complete-compressed,,1,group-392
A392_1,392,水素への移行は宇宙の摂理、地球の摂理、生命体全般の摂理に則している,1_3,2_58,true,1013,1,A392_1,dhtool2025/full-complete-compressed,,1,group-392
A393_0,393,福島の問題はまだ解決していない,1_6,2_19,true,132,1,A393_0,dhtool2025/full-complete-compressed,,1,group-393
A394_0,394,福島は終わっていない,1_6,2_19,false,133,2,A369_2,dhtool2025/full-complete-compressed,,1,group-394
A395_0,395,これではエネルギー分野で落ちぶれる。,1_4,2_14,true,1320,1,A395_0,dhtool2025/full-complete-compressed,,15,group-395
A396_0,396,原発に依存するのは古い考えであり、廃止すべきである。,1_8,2_15,true,389,1,A396_0,dhtool2025/full-complete-compressed,,2,group-396
A396_1,396,日本は地震大国であり、原発のリスクを考慮すべきである。,1_6,2_50,false,16,2,A72_1,dhtool2025/full-complete-compressed,,2,group-396
A396_2,396,福島原発の事故を忘れてはいけない。,1_6,2_1,false,113,2,A18_1,dhtool2025/full-complete-compressed,,2,group-396
A396_3,396,水素と地熱エネルギーに進むべきである。,1_3,2_58,true,1043,2,A396_3,dhtool2025/full-complete-compressed,,2,group-396
A396_3,419,水素と地熱エネルギーに進むべきである。,1_3,2_58,true,1043,2,A396_3,dhtool2025/full-complete-compressed,,2,group-419
A397_0,397,原発はオワコンである。,1_8,2_61,true,298,1,A397_0,dhtool2025/full-complete-compressed,,78,group-397
A398_0,398,水素社会推進法が通っているのに、なぜ進めないのか疑問である。,1_3,2_26,true,1001,4,A398_0,dhtool2025/full-complete-compressed,,1,group-398
A398_0,402,水素社会推進法が通っているのに、なぜ進めないのか疑問である。,1_3,2_26,true,1001,4,A398_0,dhtool2025/full-complete-compressed,,1,group-402
A398_0,478,水素社会推進法が通っているのに、なぜ進めないのか疑問である。,1_3,2_26,true,1001,4,A398_0,dhtool2025/full-complete-compressed,,1,group-478
A398_1,398,古い考えでは日本に未来は無い。,1_5,2_30,true,671,1,A398_1,dhtool2025/full-complete-compressed,,1,group-398
A398_1,402,古い考えでは日本に未来は無い。,1_5,2_30,true,671,1,A398_1,dhtool2025/full-complete-compressed,,1,group-402
A398_1,478,古い考えでは日本に未来は無い。,1_5,2_30,true,671,1,A398_1,dhtool2025/full-complete-compressed,,1,group-478
A398_2,398,小型原発を進めるなら、まず経済産業省の地下に作るべきであり、そうすれば住民の恐怖が分かる。,1_8,2_40,true,424,2,A398_2,dhtool2025/full-complete-compressed,,1,group-398
A398_2,478,小型原発を進めるなら、まず経済産業省の地下に作るべきであり、そうすれば住民の恐怖が分かる。,1_8,2_40,true,424,2,A398_2,dhtool2025/full-complete-compressed,,1,group-478
A399_1,399,2035年までの温室効果ガス目標を70％、80％などイギリス並みの目標に設定すべき,1_1,2_12,true,801,1,A399_1,dhtool2025/full-complete-compressed,,1,group-399
A399_2,399,地震大国として原発に依存することはあり得ない,1_6,2_50,false,20,2,A88_0,dhtool2025/full-complete-compressed,,1,group-399
A399_3,399,原発にかける予算を再生可能エネルギーの普及に振り向けるべき,1_4,2_0,false,506,3,A449_4,dhtool2025/full-complete-compressed,,1,group-399
A400_5,400,東北で地熱エネルギーの利用が可能である,1_4,2_60,true,1231,1,A400_5,dhtool2025/full-complete-compressed,,1,group-400
A401_0,401,福島原発の事故を受けて、日本中に核が存在するのと同じ状況である,1_6,2_1,true,115,2,A401_0,dhtool2025/full-complete-compressed,,1,group-401
A401_1,401,原発を廃止する計画が必要である,1_8,2_15,true,390,3,A401_1,dhtool2025/full-complete-compressed,,1,group-401
A401_2,401,水素と地熱エネルギーに進むべきである,1_3,2_58,false,1043,2,A396_3,dhtool2025/full-complete-compressed,,1,group-401
A401_3,401,原発事故のデブリを取り出せない現状で、原発を続けるべきではない,1_6,2_34,false,311,4,A416_1,dhtool2025/full-complete-compressed,,1,group-401
A402_2,402,小型原発を進めるなら、まず経済産業省の地下に作るべきであり、住民の恐怖を理解すべき。,1_8,2_40,false,424,2,A398_2,dhtool2025/full-complete-compressed,,1,group-402
A402_3,402,原発は廃止の方向で進めるべき。,1_8,2_15,true,387,3,A402_3,dhtool2025/full-complete-compressed,,1,group-402
A402_3,471,原発は廃止の方向で進めるべき。,1_8,2_15,true,387,3,A402_3,dhtool2025/full-complete-compressed,,2,group-471
A403_0,403,原発、洋上風力、風力発電の推進に反対する,1_8,2_7,false,232,2,A293_0,dhtool2025/full-complete-compressed,,1,group-403
A403_1,403,使用済み核燃料の問題を後世に残す政策に反対する,1_4,2_44,true,875,1,A403_1,dhtool2025/full-complete-compressed,,1,group-403
A403_2,403,使用済み核燃料の保管場所が決まっていない段階での原発稼働はおかしい,1_5,2_33,true,367,1,A403_2,dhtool2025/full-complete-compressed,,1,group-403
A403_3,403,重大事故時の避難が海沿いで津波の危険性があるため、原発の推進に反対する,1_8,2_41,true,13,1,A403_3,dhtool2025/full-complete-compressed,,1,group-403
A403_4,403,現在九州電力は余剰電力を捨てている状況で、これ以上九州に風力発電や洋上風力は必要ない,1_5,2_5,true,1221,1,A403_4,dhtool2025/full-complete-compressed,,1,group-403
A404_0,404,日本にはこれ以上、原発は要らない。,1_5,2_5,false,40,4,A338_0,dhtool2025/full-complete-compressed,,1,group-404
A404_1,404,福島の二の前は国民は望んでいない。,1_6,2_19,true,137,1,A404_1,dhtool2025/full-complete-compressed,,1,group-404
A405_0,405,本案に反対します！,1_7,2_48,false,238,3,A410_0,dhtool2025/full-complete-compressed,,1,group-405
A406_0,406,日本は地震が多く、福島の事故の影響が今でも大きいと感じている。,1_6,2_1,true,99,2,A406_0,dhtool2025/full-complete-compressed,,1,group-406
A406_1,406,原発の見直しが求められる中、新たなエネルギー源の開発、特に水素や地熱への移行を進めるべき。,1_4,2_39,true,500,2,A406_1,dhtool2025/full-complete-compressed,,1,group-406
A406_1,472,原発の見直しが求められる中、新たなエネルギー源の開発、特に水素や地熱への移行を進めるべき。,1_4,2_39,true,500,2,A406_1,dhtool2025/full-complete-compressed,,2,group-472
A406_2,406,安全で持続可能な未来のために、明るい方向へ進むことを検討してほしい。,1_1,2_18,true,652,2,A406_2,dhtool2025/full-complete-compressed,,1,group-406
A406_3,406,原発廃止を求める。,1_8,2_15,false,390,3,A401_1,dhtool2025/full-complete-compressed,,1,group-406
A406_3,470,原発廃止を求める。,1_8,2_15,false,390,3,A401_1,dhtool2025/full-complete-compressed,,2,group-470
A406_3,472,原発廃止を求める。,1_8,2_15,false,390,3,A401_1,dhtool2025/full-complete-compressed,,2,group-472
A407_0,407,原発に反対すべき,1_8,2_7,false,217,5,A268_0,dhtool2025/full-complete-compressed,,1,group-407
A407_1,407,廃炉を賛成すべき,1_8,2_15,false,384,2,A343_2,dhtool2025/full-complete-compressed,,1,group-407
A407_2,407,水素社会の実現へ舵を切るべき,1_3,2_26,true,999,2,A407_2,dhtool2025/full-complete-compressed,,1,group-407
A408_0,408,原発の再稼働に反対するべき,1_8,2_46,false,229,9,A433_1,dhtool2025/full-complete-compressed,,2,group-408
A408_1,408,原発の新規開発の建設に反対するべき,1_8,2_40,false,226,9,A442_1,dhtool2025/full-complete-compressed,,2,group-408
A409_0,409,原発推進に反対である,1_8,2_7,true,224,3,A409_0,dhtool2025/full-complete-compressed,,1,group-409
A409_1,409,この計画案に反対である,1_7,2_48,true,239,2,A409_1,dhtool2025/full-complete-compressed,,1,group-409
A410_0,410,本案に反対します,1_7,2_48,true,238,3,A410_0,dhtool2025/full-complete-compressed,,1,group-410
A411_0,411,本案に反対する。,1_7,2_48,false,238,3,A410_0,dhtool2025/full-complete-compressed,,1,group-411
A412_0,412,原発推進に反対するべき,1_8,2_7,false,224,3,A409_0,dhtool2025/full-complete-compressed,,1,group-412
A412_1,412,水素社会の日本を実現すべき,1_3,2_26,false,999,2,A407_2,dhtool2025/full-complete-compressed,,1,group-412
A412_2,412,原発利権にむらがる人を許さないべき,1_8,2_7,true,458,1,A412_2,dhtool2025/full-complete-compressed,,1,group-412
A412_3,412,日本を破壊する原発に大反対,1_8,2_40,true,14,1,A412_3,dhtool2025/full-complete-compressed,,1,group-412
A413_0,413,南九州の洋上風力に強く反対する,1_8,2_40,true,231,2,A413_0,dhtool2025/full-complete-compressed,,1,group-413
A413_1,413,吹上砂丘の景観を守るために洋上風力に反対する,1_8,2_40,true,233,1,A413_1,dhtool2025/full-complete-compressed,,1,group-413
A413_2,413,原発近くではテングサやチリメンが取れなくなり、収入源が失われている,1_6,2_27,true,723,1,A413_2,dhtool2025/full-complete-compressed,,1,group-413
A413_3,413,原発の20年延長は知事の公約違反であり、安心して生活できる環境ではない,1_8,2_41,true,487,1,A413_3,dhtool2025/full-complete-compressed,,1,group-413
A413_4,413,第7次エネルギー基本計画に強く反対する,1_7,2_47,false,1057,10,A102_0,dhtool2025/full-complete-compressed,,1,group-413
A414_0,414,原発新増設について国民や地元の了解を得ていないのはおかしい,1_8,2_40,true,430,1,A414_0,dhtool2025/full-complete-compressed,,1,group-414
A414_1,414,新増設に際して国民から徴収することに疑問を感じる,1_8,2_35,true,596,1,A414_1,dhtool2025/full-complete-compressed,,1,group-414
A414_2,414,経産省が勝手に決めるのは辞めるべき,1_7,2_48,true,603,1,A414_2,dhtool2025/full-complete-compressed,,1,group-414
A414_3,414,主力電力は水素にすべき,1_3,2_4,true,1051,2,A414_3,dhtool2025/full-complete-compressed,,1,group-414
A415_0,415,この計画案に反対します。,1_7,2_48,false,239,2,A409_1,dhtool2025/full-complete-compressed,,1,group-415
A416_0,416,原発はまだ続けるべきではない,1_8,2_61,false,377,2,A390_0,dhtool2025/full-complete-compressed,,2,group-416
A416_1,416,原発事故のデブリも取り出せないのに原発を続けるのは問題である,1_6,2_34,true,311,4,A416_1,dhtool2025/full-complete-compressed,,2,group-416
A416_2,416,豊富な資源があるのに原発に依存するのはおかしい,1_4,2_13,true,725,1,A416_2,dhtool2025/full-complete-compressed,,2,group-416
A416_3,416,水素エネルギーの利用を進めるべきである,1_3,2_58,false,1045,4,A276_0,dhtool2025/full-complete-compressed,,2,group-416
A416_4,416,原発を廃止すべきである,1_8,2_15,false,388,4,A21_0,dhtool2025/full-complete-compressed,,2,group-416
A417_0,417,日本は全ての原発を廃炉すべきである。,1_8,2_15,true,393,3,A417_0,dhtool2025/full-complete-compressed,,1,group-417
A419_0,419,水素社会推進法が通っているのに、なぜ水素社会を進めないのか疑問である。,1_3,2_26,false,1001,4,A398_0,dhtool2025/full-complete-compressed,,2,group-419
A419_1,419,福島原発の事故を考えると、日本中に核が存在するのと同じである。,1_6,2_1,false,115,2,A401_0,dhtool2025/full-complete-compressed,,2,group-419
A419_2,419,原発を廃止する予定があるのか疑問である。,1_8,2_15,false,390,3,A401_1,dhtool2025/full-complete-compressed,,2,group-419
A419_4,419,原発事故のデブリも取り出せないのに、原発を続けるべきではない。,1_6,2_34,false,311,4,A416_1,dhtool2025/full-complete-compressed,,2,group-419
A420_0,420,原発再稼働・新造に反対すべき,1_8,2_46,false,230,7,A343_1,dhtool2025/full-complete-compressed,,1,group-420
A420_1,420,水素発電に政府の投資を集中すべき,1_3,2_58,true,1048,1,A420_1,dhtool2025/full-complete-compressed,,1,group-420
A421_0,421,反対します,1_8,2_28,false,235,2,A388_0,dhtool2025/full-complete-compressed,,1,group-421
A422_0,422,東日本震災で嘘の安全神話が明らかになったため、原発の再稼働及び新規開発の建設に反対する。,1_8,2_46,true,15,1,A422_0,dhtool2025/full-complete-compressed,,49,group-422
A423_0,423,エネルギー分野で乗り遅れるべきではない,1_4,2_14,true,1321,1,A423_0,dhtool2025/full-complete-compressed,,101,group-423
A424_0,424,原発の再稼働に反対します,1_8,2_46,false,229,9,A433_1,dhtool2025/full-complete-compressed,,1,group-424
A424_1,424,原発の新増設に反対します,1_8,2_40,false,226,9,A442_1,dhtool2025/full-complete-compressed,,1,group-424
A425_0,425,自分たちの利権に凝り固まるべきではない。,1_8,2_28,true,622,1,A425_0,dhtool2025/full-complete-compressed,,1,group-425
A425_1,425,原発は最初から必要ない。,1_8,2_61,false,382,3,A452_2,dhtool2025/full-complete-compressed,,1,group-425
A425_2,425,古いものに固執し、新しい技術に進めない官僚は問題である。,1_8,2_55,true,782,1,A425_2,dhtool2025/full-complete-compressed,,1,group-425
A425_3,425,官僚は原発で吹き飛ばされるべきだ。,1_8,2_15,true,470,1,A425_3,dhtool2025/full-complete-compressed,,1,group-425
A426_0,426,日本に原子力発電は向いていないと思う,1_5,2_5,false,39,3,A224_0,dhtool2025/full-complete-compressed,,1,group-426
A426_1,426,福島第一原発の後片付けができないものを増やすのは無意味で予算の無駄遣いではないか,1_6,2_29,true,127,1,A426_1,dhtool2025/full-complete-compressed,,1,group-426
A427_0,427,水素社会推進法が成立したにもかかわらず、その実行が進んでいないことに失望している。,1_3,2_26,false,1001,4,A398_0,dhtool2025/full-complete-compressed,,1,group-427
A427_0,475,水素社会推進法が成立したにもかかわらず、その実行が進んでいないことに失望している。,1_3,2_26,false,1001,4,A398_0,dhtool2025/full-complete-compressed,,1,group-475
A427_0,477,水素社会推進法が成立したにもかかわらず、その実行が進んでいないことに失望している。,1_3,2_26,false,1001,4,A398_0,dhtool2025/full-complete-compressed,,1,group-477
A427_1,427,福島原発の影響が未だに深い影を落としている。,1_6,2_19,true,98,2,A427_1,dhtool2025/full-complete-compressed,,1,group-427
A427_2,427,核の問題は日本全体に関わる重大な課題である。,1_6,2_49,true,48,1,A427_2,dhtool2025/full-complete-compressed,,1,group-427
A427_2,475,核の問題は日本全体に関わる重大な課題である。,1_6,2_49,true,48,1,A427_2,dhtool2025/full-complete-compressed,,1,group-475
A427_2,477,核の問題は日本全体に関わる重大な課題である。,1_6,2_49,true,48,1,A427_2,dhtool2025/full-complete-compressed,,1,group-477
A427_3,427,原発の廃止についての計画が明確に示されておらず、多くの人々が不安を抱いている。,1_8,2_15,true,481,2,A427_3,dhtool2025/full-complete-compressed,,1,group-427
A427_3,475,原発の廃止についての計画が明確に示されておらず、多くの人々が不安を抱いている。,1_8,2_15,true,481,2,A427_3,dhtool2025/full-complete-compressed,,1,group-475
A427_4,427,水素や地熱エネルギーにもっと力を入れるべきである。,1_3,2_58,true,1044,2,A427_4,dhtool2025/full-complete-compressed,,1,group-427
A427_4,477,水素や地熱エネルギーにもっと力を入れるべきである。,1_3,2_58,true,1044,2,A427_4,dhtool2025/full-complete-compressed,,1,group-477
A427_5,427,原発事故からの復興やデブリの取り出しが進まない中で現存の原発を維持することには疑問を感じる。,1_6,2_34,true,312,2,A427_5,dhtool2025/full-complete-compressed,,1,group-427
A427_5,475,原発事故からの復興やデブリの取り出しが進まない中で現存の原発を維持することには疑問を感じる。,1_6,2_34,true,312,2,A427_5,dhtool2025/full-complete-compressed,,1,group-475
A427_5,477,原発事故からの復興やデブリの取り出しが進まない中で現存の原発を維持することには疑問を感じる。,1_6,2_34,true,312,2,A427_5,dhtool2025/full-complete-compressed,,1,group-477
A427_6,427,原発は廃止の方向で進めるべきである。,1_8,2_15,false,387,3,A402_3,dhtool2025/full-complete-compressed,,1,group-427
A427_6,477,原発は廃止の方向で進めるべきである。,1_8,2_15,false,387,3,A402_3,dhtool2025/full-complete-compressed,,1,group-477
A428_0,428,第7次エネルギー基本計画に反対する,1_7,2_47,false,1057,10,A102_0,dhtool2025/full-complete-compressed,,1,group-428
A428_1,428,南九州洋上風力建設に反対する,1_8,2_40,false,231,2,A413_0,dhtool2025/full-complete-compressed,,1,group-428
A428_2,428,海岸沿いには小学校、幼稚園、老人施設があるため、沿岸近くでの建設は問題がある,1_8,2_41,true,709,1,A428_2,dhtool2025/full-complete-compressed,,1,group-428
A428_3,428,海外では海岸線から20キロ外での建設が一般的なのに、日本は沿岸近くを予定しているのはおかしい,1_8,2_41,true,710,1,A428_3,dhtool2025/full-complete-compressed,,1,group-428
A428_4,428,低周波被害が懸念されるため、計画は早急に辞めるべき,1_8,2_15,true,697,1,A428_4,dhtool2025/full-complete-compressed,,1,group-428
A428_5,428,川内原発の20年延長に反対し、廃炉にすべき,1_8,2_46,true,486,1,A428_5,dhtool2025/full-complete-compressed,,1,group-428
A428_6,428,エネルギーは余っているため、使用済み核燃料が増えるだけの計画は問題である,1_4,2_13,true,1259,1,A428_6,dhtool2025/full-complete-compressed,,1,group-428
A428_7,428,保管場所の問題が解決されていないのに、計画を進めるのは納得できない,1_6,2_57,true,751,1,A428_7,dhtool2025/full-complete-compressed,,1,group-428
A428_8,428,巨大地震や津波の危険性がある中で、市民の安全を優先すべき,1_6,2_50,true,209,1,A428_8,dhtool2025/full-complete-compressed,,1,group-428
A429_0,429,原発再稼働と新造に反対すべき,1_8,2_46,false,230,7,A343_1,dhtool2025/full-complete-compressed,,5,group-429
A429_0,435,原発再稼働と新造に反対すべき,1_8,2_46,false,230,7,A343_1,dhtool2025/full-complete-compressed,,1,group-435
A429_0,438,原発再稼働と新造に反対すべき,1_8,2_46,false,230,7,A343_1,dhtool2025/full-complete-compressed,,2,group-438
A429_1,429,日本は水素サイクルで世界一を目指すべき,1_3,2_58,true,1024,1,A429_1,dhtool2025/full-complete-compressed,,5,group-429
A429_1,435,日本は水素サイクルで世界一を目指すべき,1_3,2_58,true,1024,1,A429_1,dhtool2025/full-complete-compressed,,1,group-435
A429_1,438,日本は水素サイクルで世界一を目指すべき,1_3,2_58,true,1024,1,A429_1,dhtool2025/full-complete-compressed,,2,group-438
A430_0,430,原発の再稼働・新増設に反対します。,1_8,2_46,false,230,7,A343_1,dhtool2025/full-complete-compressed,,1,group-430
A430_1,430,使用済み核燃料の処分方法が決まっていないのに原発を推進するのはやめるべきです。,1_5,2_33,false,369,2,A57_6,dhtool2025/full-complete-compressed,,1,group-430
A431_0,431,基本計画の中にあるデータは十分ではないと思う。,1_7,2_47,true,755,1,A431_0,dhtool2025/full-complete-compressed,,1,group-431
A431_1,431,都合の悪いことは載せていないのではないか。,1_6,2_6,true,795,1,A431_1,dhtool2025/full-complete-compressed,,1,group-431
A431_2,431,最初からやり直すべきだ。,1_8,2_15,true,774,1,A431_2,dhtool2025/full-complete-compressed,,1,group-431
A432_0,432,日本に住む国民のひとりとして、原発は必要無い。,1_5,2_5,true,41,1,A432_0,dhtool2025/full-complete-compressed,,1,group-432
A432_1,432,廃炉のコストを考慮すると、どれだけの費用がかかるのか疑問である。,1_5,2_24,true,274,1,A432_1,dhtool2025/full-complete-compressed,,1,group-432
A432_2,432,福島の事故から何を学んだのかが重要である。,1_6,2_1,true,117,1,A432_2,dhtool2025/full-complete-compressed,,1,group-432
A432_3,432,国民が望まないことを推進する理由が理解できない。,1_8,2_2,true,587,1,A432_3,dhtool2025/full-complete-compressed,,1,group-432
A432_4,432,原発は時代遅れであり、一部の人々に利益があるのではないかと疑問に思う。,1_5,2_10,true,490,1,A432_4,dhtool2025/full-complete-compressed,,1,group-432
A432_5,432,原発はいらない。,1_8,2_61,false,381,2,A389_0,dhtool2025/full-complete-compressed,,1,group-432
A432_5,444,原発はいらない。,1_8,2_61,false,381,2,A389_0,dhtool2025/full-complete-compressed,,1,group-444
A433_0,433,原子力発電に頼りすぎている,1_5,2_5,false,541,2,A162_0,dhtool2025/full-complete-compressed,,1,group-433
A433_1,433,原発再稼働に反対である,1_8,2_46,true,229,9,A433_1,dhtool2025/full-complete-compressed,,1,group-433
A433_1,442,原発再稼働に反対である,1_8,2_46,true,229,9,A433_1,dhtool2025/full-complete-compressed,,1,group-442
A434_0,434,石炭火力と原発の両方を無くすべきである。,1_2,2_3,true,989,1,A434_0,dhtool2025/full-complete-compressed,,1,group-434
A434_1,434,気温上昇を1.5℃以内に抑えるためには、先進国のCO2排出量を60%以上削減する必要がある。,1_1,2_12,true,848,1,A434_1,dhtool2025/full-complete-compressed,,1,group-434
A434_2,434,気温上昇が1.5℃以上になると、人類が存続できなくなる可能性がある。,1_1,2_12,true,822,1,A434_2,dhtool2025/full-complete-compressed,,1,group-434
A435_2,435,水素発電を発電量の過半数にするべき,1_3,2_4,true,1034,2,A435_2,dhtool2025/full-complete-compressed,,1,group-435
A436_0,436,原発再稼働に反対,1_8,2_46,false,229,9,A433_1,dhtool2025/full-complete-compressed,,1,group-436
A436_1,436,原発新設に反対,1_8,2_40,false,226,9,A442_1,dhtool2025/full-complete-compressed,,1,group-436
A437_0,437,原子力発電所は日本に必要ではない,1_5,2_5,false,39,3,A224_0,dhtool2025/full-complete-compressed,,1,group-437
A437_1,437,再稼働は以ての外である,1_8,2_46,true,780,1,A437_1,dhtool2025/full-complete-compressed,,1,group-437
A437_2,437,原子力発電所は白紙にすべきである,1_5,2_5,true,546,1,A437_2,dhtool2025/full-complete-compressed,,1,group-437
A438_2,438,2040年の水素発電を発電量総量の過半数にするべき,1_3,2_4,false,1034,2,A435_2,dhtool2025/full-complete-compressed,,2,group-438
A439_0,439,原発再稼働に反対するべき,1_8,2_46,false,229,9,A433_1,dhtool2025/full-complete-compressed,,1,group-439
A439_1,439,原発新設に反対するべき,1_8,2_40,false,226,9,A442_1,dhtool2025/full-complete-compressed,,1,group-439
A440_0,440,原発再稼働に反対する,1_8,2_46,false,229,9,A433_1,dhtool2025/full-complete-compressed,,1,group-440
A440_1,440,原発新設に反対する,1_8,2_40,false,226,9,A442_1,dhtool2025/full-complete-compressed,,1,group-440
A441_0,441,原発の再稼働・新増設に反対するべきである。,1_8,2_46,false,230,7,A343_1,dhtool2025/full-complete-compressed,,1,group-441
A441_1,441,原発をやめて水素電力を推進すべきである。,1_3,2_4,false,500,2,A406_1,dhtool2025/full-complete-compressed,,1,group-441
A442_1,442,原発新設に反対である,1_8,2_40,true,226,9,A442_1,dhtool2025/full-complete-compressed,,1,group-442
A443_0,443,原発再稼働には反対である。,1_8,2_46,false,229,9,A433_1,dhtool2025/full-complete-compressed,,1,group-443
A444_1,444,日本には優秀な人材が沢山いるので、その知識や技能を前向きに生かせる日本であることを望む。,1_1,2_18,true,668,1,A444_1,dhtool2025/full-complete-compressed,,1,group-444
A444_2,444,新しいエネルギーの開発は可能である。,1_4,2_32,true,1109,1,A444_2,dhtool2025/full-complete-compressed,,1,group-444
A445_0,445,後始末が完全にできないものにこだわる理由は理解できない,1_8,2_61,true,777,1,A445_0,dhtool2025/full-complete-compressed,,1,group-445
A445_1,445,安全神話は壊れているので、より安全なエネルギーを選ぶべき,1_6,2_6,true,93,1,A445_1,dhtool2025/full-complete-compressed,,1,group-445
A446_0,446,原発再稼働には絶対反対である,1_8,2_46,false,229,9,A433_1,dhtool2025/full-complete-compressed,,1,group-446
A447_0,447,新しい原子力発電所は不要である。,1_8,2_61,true,400,1,A447_0,dhtool2025/full-complete-compressed,,1,group-447
A447_1,447,グリーン水素の活用を推進すべきである。,1_3,2_58,false,1050,2,A324_2,dhtool2025/full-complete-compressed,,1,group-447
A448_0,448,原発は段階的に減らすことを目標とするべきだ。,1_4,2_13,true,476,1,A448_0,dhtool2025/full-complete-compressed,,1,group-448
A449_0,449,国の政策が原発回帰に向かっていることにがっかりしている,1_8,2_28,true,442,1,A449_0,dhtool2025/full-complete-compressed,,1,group-449
A449_1,449,原発事故の収束が見えない中での再稼働は14年前の事故を忘れた行為だ,1_8,2_23,true,161,1,A449_1,dhtool2025/full-complete-compressed,,1,group-449
A449_2,449,放射性廃棄物の行き場がないことを懸念している,1_6,2_6,true,337,1,A449_2,dhtool2025/full-complete-compressed,,1,group-449
A449_3,449,地震大国の日本で再び原発事故が起こる可能性がある,1_6,2_50,false,27,2,A222_2,dhtool2025/full-complete-compressed,,1,group-449
A449_4,449,原発に使う予算を再生可能エネルギーに振り向けるべき,1_4,2_39,true,506,3,A449_4,dhtool2025/full-complete-compressed,,1,group-449
A449_5,449,各家庭やビルに太陽光パネル設置と蓄電設備の義務化を提案している,1_4,2_22,true,1134,1,A449_5,dhtool2025/full-complete-compressed,,1,group-449
A449_6,449,原発再稼働による再エネ電気の買い取りを拒否することは許されない,1_8,2_46,true,538,1,A449_6,dhtool2025/full-complete-compressed,,1,group-449
A449_7,449,大手電力会社への忖度を排除し、日本の未来のためにエネルギー政策をじっくり考えるべき,1_4,2_44,true,1346,1,A449_7,dhtool2025/full-complete-compressed,,1,group-449
A450_0,450,原発の再稼働は必要ない。,1_8,2_61,false,373,2,A31_2,dhtool2025/full-complete-compressed,,1,group-450
A450_1,450,大きい地震があった時の対応が不完全であり、処理の仕方もわかっていない。,1_6,2_50,true,4,1,A450_1,dhtool2025/full-complete-compressed,,1,group-450
A450_2,450,福島の人たちの安全な暮らしは守られていない。,1_6,2_19,true,138,1,A450_2,dhtool2025/full-complete-compressed,,1,group-450
A450_3,450,原発の再稼働に絶対に反対である。,1_8,2_46,false,229,9,A433_1,dhtool2025/full-complete-compressed,,1,group-450
A451_7,451,原発を増やすことは時代遅れであり、官僚の考え方は石器時代のようだ。,1_8,2_15,true,491,1,A451_7,dhtool2025/full-complete-compressed,,1,group-451
A451_8,451,天下り先を増やすようなことはやめるべきである。,1_8,2_55,true,660,1,A451_8,dhtool2025/full-complete-compressed,,1,group-451
A452_0,452,自民党は腐っているが、青山繁晴参議院議員は尊敬できる存在であり、国益を考えて闘っている。,1_8,2_2,true,639,1,A452_0,dhtool2025/full-complete-compressed,,1,group-452
A452_1,452,青山繁晴参議院議員は、腐ったお金しか見えていない官僚とは次元が違う。,1_8,2_2,true,640,1,A452_1,dhtool2025/full-complete-compressed,,1,group-452
A452_2,452,原発は必要ない。,1_8,2_61,true,382,3,A452_2,dhtool2025/full-complete-compressed,,1,group-452
A453_0,453,原発推進政策をいつまで続けるのか疑問である,1_8,2_7,true,440,1,A453_0,dhtool2025/full-complete-compressed,,1,group-453
A453_1,453,福島原発の後始末が進んでいない中での原発再稼働や新設は民意に反する行為である,1_8,2_46,true,159,1,A453_1,dhtool2025/full-complete-compressed,,1,group-453
A453_2,453,原発は第三国からのミサイル攻撃の標的になりやすく、地震に対して脆弱な構造であるため反対である,1_8,2_41,true,57,1,A453_2,dhtool2025/full-complete-compressed,,1,group-453
A454_0,454,青森の豪雪地帯では、地震による原発事故発生時に避難が出来ない状況が容易に想定される。,1_6,2_57,true,192,1,A454_0,dhtool2025/full-complete-compressed,,1,group-454
A454_1,454,原発は休止または廃止の一択しかない。,1_8,2_15,true,392,1,A454_1,dhtool2025/full-complete-compressed,,1,group-454
A455_0,455,全ての人に安心と安全を提供するために、原発はいらない。,1_5,2_52,true,94,1,A455_0,dhtool2025/full-complete-compressed,,1,group-455
A455_1,455,不安で危険な原発は必要ない。,1_8,2_61,true,95,1,A455_1,dhtool2025/full-complete-compressed,,1,group-455
A456_1,456,原発反対であり、原発のコスト試算は不十分である。廃炉の費用や核のゴミの最終処分費、福島の原発事故による保証費用も考慮すべき。,1_5,2_24,false,275,3,A351_1,dhtool2025/full-complete-compressed,,1,group-456
A456_4,456,再生可能エネルギーへのシフトを進めるべきであり、太陽光や風力などの環境に優しいエネルギー源への投資を強化する必要がある。,1_4,2_20,false,1083,2,A292_2,dhtool2025/full-complete-compressed,,1,group-456
A457_0,457,福島の原子力非常事態宣言が解除されていないのに原発を稼働したい理由が理解できない,1_6,2_19,true,149,1,A457_0,dhtool2025/full-complete-compressed,,1,group-457
A457_1,457,原発を稼働したい理由は天下りに関連しているのではないか,1_8,2_46,true,378,1,A457_1,dhtool2025/full-complete-compressed,,1,group-457
A458_0,458,廃炉費用、核のゴミ処理費用、デブリの取り出しのコストについて考慮すべきである。,1_5,2_24,true,272,2,A458_0,dhtool2025/full-complete-compressed,,1,group-458
A458_1,458,原発が低コストである理由が不明である。,1_5,2_24,false,280,2,A46_0,dhtool2025/full-complete-compressed,,1,group-458
A459_0,459,経産省は水素社会推進法に反対しているのかもしれない。,1_3,2_26,false,1003,2,A459_1,dhtool2025/full-complete-compressed,,1,group-459
A459_1,459,経産省は水素社会推進法を無いもののごとく扱っているのではないか。,1_3,2_26,true,1003,2,A459_1,dhtool2025/full-complete-compressed,,1,group-459
A460_0,460,原発の維持・増加に反対し、減少を要求するべきである。,1_8,2_40,true,221,1,A460_0,dhtool2025/full-complete-compressed,,1,group-460
A460_1,460,原発は使用済みウランの廃棄処理コストを含め、安価な電源ではない。,1_5,2_10,true,286,1,A460_1,dhtool2025/full-complete-compressed,,1,group-460
A460_2,460,太陽光発電にはトップランナー制を適用して安価を強要しているが、原発には適用されていないのは間違いである。,1_4,2_22,true,1129,1,A460_2,dhtool2025/full-complete-compressed,,1,group-460
A460_3,460,使用済みウランの保管場所が決まらず、財政の厳しい過疎地にしか手を上げていないのは民主主義的解決ではない。,1_5,2_33,true,719,1,A460_3,dhtool2025/full-complete-compressed,,1,group-460
A460_4,460,福島事故のような万が一の事故が起きた場合の被害は甚大であり、人道的ではない。,1_6,2_1,true,104,1,A460_4,dhtool2025/full-complete-compressed,,1,group-460
A460_5,460,原発の維持・増加を希望するのであれば、原発メーカーや賛成する政治家の宅内に設置するべきである。,1_8,2_40,true,427,1,A460_5,dhtool2025/full-complete-compressed,,1,group-460
A460_6,460,系統蓄電池を増加させることで再エネの効力と電力安定を向上させるべきである。,1_4,2_9,true,1170,1,A460_6,dhtool2025/full-complete-compressed,,1,group-460
A460_7,460,再エネ導入を阻止する規制を作る保安監督部に対して規制緩和を求めるべきである。,1_1,2_8,true,1284,1,A460_7,dhtool2025/full-complete-compressed,,1,group-460
A460_8,460,安倍内閣や菅内閣が規制緩和を約束したにもかかわらず、逆行しているのは問題である。,1_8,2_35,true,642,1,A460_8,dhtool2025/full-complete-compressed,,1,group-460
A460_9,460,再エネの設置は自己責任とし、施工不良を減らすために刑事罰を与えるべきである。,1_1,2_25,true,706,1,A460_9,dhtool2025/full-complete-compressed,,1,group-460
A461_0,461,コスト計算において確実にかかる費用を計算外にするのはやめるべきである。,1_5,2_24,true,737,1,A461_0,dhtool2025/full-complete-compressed,,1,group-461
A461_1,461,廃炉費用、デブリ取り出し、原発事故の補償をコスト計算に含めるべきである。,1_5,2_24,false,272,2,A458_0,dhtool2025/full-complete-compressed,,1,group-461
A462_0,462,原発を増やす必要はない,1_8,2_61,true,374,1,A462_0,dhtool2025/full-complete-compressed,,1,group-462
A462_1,462,利権のために国民を騙すのは許されない,1_8,2_28,true,620,1,A462_1,dhtool2025/full-complete-compressed,,1,group-462
A462_2,462,原発を作るなら、関係者の敷地内で作るべき,1_8,2_40,true,426,1,A462_2,dhtool2025/full-complete-compressed,,1,group-462
A462_3,462,放射能漏れに対して責任を持つべき,1_6,2_6,true,202,1,A462_3,dhtool2025/full-complete-compressed,,1,group-462
A463_0,463,第7次エネルギー基本計画（案）では原子力依存度の増加や再生可能エネルギーの推進不足が問題である。,1_7,2_11,false,1070,4,A195_5,dhtool2025/full-complete-compressed,,5,group-463
A463_1,463,市民意見の反映が不十分であり、より持続可能で安全なエネルギー政策への修正が求められる。,1_7,2_54,true,1273,1,A463_1,dhtool2025/full-complete-compressed,,5,group-463
A464_0,464,日本は水素によるエネルギー開発を進めるべきである。,1_3,2_4,true,1022,2,A464_0,dhtool2025/full-complete-compressed,,1,group-464
A464_1,464,水素の内燃機関、燃料電池、水素とCO2での合成燃料を進めるべきである。,1_3,2_58,true,1039,1,A464_1,dhtool2025/full-complete-compressed,,1,group-464
A464_2,464,日本が水素エネルギーの開発において先頭に立つべきである。,1_3,2_4,false,1022,2,A464_0,dhtool2025/full-complete-compressed,,1,group-464
A464_3,464,核エネルギーは後々までコストが掛かりすぎるため、高くつくエネルギーである。,1_4,2_14,true,1319,1,A464_3,dhtool2025/full-complete-compressed,,1,group-464
A465_0,465,地震の多い日本で、万一事故が起こった際の避難計画や廃棄物の処理方法が不十分なまま「最大限活用」はありえない。,1_6,2_50,false,726,2,A91_1,dhtool2025/full-complete-compressed,,1,group-465
A465_1,465,数兆円のコストをかけて新増設やリプレースしても出来上がるまで数十年かかり、気候変動対策としては間に合わない。,1_1,2_8,false,713,2,A91_2,dhtool2025/full-complete-compressed,,1,group-465
A466_0,466,原発依存度の低減は堅持すべきである。,1_4,2_13,false,417,2,A265_0,dhtool2025/full-complete-compressed,,1,group-466
A466_1,466,再生可能エネルギーのさらなる活用を求める。,1_4,2_32,false,1097,2,A265_1,dhtool2025/full-complete-compressed,,1,group-466
A467_0,467,断固反対です,1_8,2_28,true,236,1,A467_0,dhtool2025/full-complete-compressed,,2,group-467
A468_0,468,審議会に若い世代や多様な専門家、市民、環境団体を参加させる仕組みを導入し、民主的で透明な「国民的議論」のプロセスを確立するべきです。,1_7,2_16,false,555,2,A275_0,dhtool2025/full-complete-compressed,,1,group-468
A468_1,468,「原発依存度の低減」を維持すべきです。地震が多発する日本では、事故時のリスクや廃棄物処理の課題が未解決であり、気候変動対策の即効性を考えると、原発の新設やリプレースでは間に合いません。,1_6,2_57,false,32,2,A275_1,dhtool2025/full-complete-compressed,,1,group-468
A468_2,468,化石燃料から早急に脱却し、ゼロエミ火力などの非効率な技術に依存しない政策を進めるべきです。再生可能エネルギーや省エネルギーへの投資を大幅に増やし、エネルギー自給率を高める計画を策定すべきです。,1_4,2_14,false,1372,2,A275_2,dhtool2025/full-complete-compressed,,1,group-468
A468_3,468,再エネ比率を2040年までに3倍に拡大する計画を策定し、省エネを推進するために建物の断熱基準を強化し、エネルギー効率の向上を国全体で進めるべきです。,1_1,2_53,false,1387,2,A275_3,dhtool2025/full-complete-compressed,,1,group-468
A469_0,469,原発再稼働は完全に防止すべきであり、火力発電への依存度も大幅に低下させる必要がある。,1_5,2_62,true,539,3,A469_0,dhtool2025/full-complete-compressed,,1,group-469
A469_1,469,クリーンエネルギーだけでは国民生活に見合う供給量を満たすには不十分であり、割合の議論だけでは抜本的解決にはならない。,1_1,2_25,true,1352,1,A469_1,dhtool2025/full-complete-compressed,,1,group-469
A469_2,469,行政・産業機関の省エネに関する努力が絶対的に求められる。,1_7,2_48,true,609,1,A469_2,dhtool2025/full-complete-compressed,,1,group-469
A469_3,469,都心のネオンの制約や終電の時間の早まり、サーバーファームへの負荷軽減のための規約整備が必要である。,1_4,2_44,true,1189,1,A469_3,dhtool2025/full-complete-compressed,,1,group-469
A469_4,469,早急な法整備が求められ、これがなされない場合、1.5℃目標の実現は遠のく。,1_1,2_12,true,838,1,A469_4,dhtool2025/full-complete-compressed,,1,group-469
A470_0,470,水素社会推進法が通過したにもかかわらず、その実現が進んでいない現状に疑問を感じるべきである。,1_3,2_26,false,1001,4,A398_0,dhtool2025/full-complete-compressed,,2,group-470
A470_1,470,福島原発の事故が多くの人々に深い影響を与えている。,1_6,2_19,true,103,1,A470_1,dhtool2025/full-complete-compressed,,2,group-470
A470_2,470,原発の廃止について具体的な計画が見えてこない中で、水素エネルギーと地熱発電が重要である。,1_4,2_39,true,501,1,A470_2,dhtool2025/full-complete-compressed,,2,group-470
A470_3,470,持続可能なエネルギーへと移行し、より安全な社会を築く必要がある。,1_4,2_44,true,1369,1,A470_3,dhtool2025/full-complete-compressed,,2,group-470
A471_0,471,原発事故のデブリ取り出しが難航している中、今後の方針について不安を抱いている。,1_6,2_34,false,312,2,A427_5,dhtool2025/full-complete-compressed,,2,group-471
A471_1,471,追加の計画を続けることには疑問を感じる。,1_8,2_7,true,752,1,A471_1,dhtool2025/full-complete-compressed,,2,group-471
A471_2,471,豊富な資源があるにもかかわらず、十分に活用されていない現状を考慮すべき。,1_5,2_36,false,724,2,A390_2,dhtool2025/full-complete-compressed,,2,group-471
A471_3,471,水素エネルギーの可能性やトヨタの水素カーの進展を鑑みると、再生可能な資源に注目することが重要。,1_3,2_56,true,1054,1,A471_3,dhtool2025/full-complete-compressed,,2,group-471
A472_0,472,日本は地震が多い国であり、福島の事故がもたらした影響は今でも大きいと感じている。,1_6,2_1,false,99,2,A406_0,dhtool2025/full-complete-compressed,,2,group-472
A472_2,472,安全で持続可能な未来のために、明るい方向へ進んでいけるようご検討いただきたい。,1_1,2_18,false,652,2,A406_2,dhtool2025/full-complete-compressed,,2,group-472
A473_0,473,首相が変わると一国のエネルギー目標がブレてしまうのは好ましくない。,1_1,2_25,true,1340,1,A473_0,dhtool2025/full-complete-compressed,,1,group-473
A473_1,473,2040年度に向けたエネルギー需給のシナリオ設定において、より悲観的なシナリオ（激甚災害やテロ等に伴う再エネの縮退等）についても分析が必要である。,1_1,2_51,true,1356,1,A473_1,dhtool2025/full-complete-compressed,,1,group-473
A474_1,474,福島原発の廃炉費用は明確に計上されているべき,1_5,2_24,true,271,3,A474_1,dhtool2025/full-complete-compressed,,1,group-474
A474_2,474,新たな地震が発生する可能性を考えると不安がつのる,1_6,2_50,true,7,1,A474_2,dhtool2025/full-complete-compressed,,1,group-474
A474_3,474,今後のエネルギー源として水素を重視すべき,1_3,2_58,false,1051,2,A414_3,dhtool2025/full-complete-compressed,,1,group-474
A474_4,474,液化水素の生産と輸出を視野に入れることも選択肢の一つ,1_3,2_58,false,1018,2,A391_4,dhtool2025/full-complete-compressed,,1,group-474
A474_5,474,持続可能な社会を実現するために原発は廃止の方向であるべき,1_8,2_15,true,1367,1,A474_5,dhtool2025/full-complete-compressed,,1,group-474
A475_1,475,福島原発の影響は未だに深い影を落としている。,1_6,2_19,false,98,2,A427_1,dhtool2025/full-complete-compressed,,1,group-475
A475_1,477,福島原発の影響は未だに深い影を落としている。,1_6,2_19,false,98,2,A427_1,dhtool2025/full-complete-compressed,,1,group-477
A475_4,475,水素や地熱エネルギーにもっと力を入れてほしい。,1_3,2_58,false,1044,2,A427_4,dhtool2025/full-complete-compressed,,1,group-475
A475_6,475,原発は廃止の方向で進めてほしい。,1_8,2_15,false,387,3,A402_3,dhtool2025/full-complete-compressed,,1,group-475
A476_1,476,海外への燃料依存が続く限り、日本のエネルギー自給率は低いままであり、電気代高騰や消費者負担が軽減されない。,1_2,2_17,false,244,2,A253_3,dhtool2025/full-complete-compressed,,1,group-476
A477_3,477,原発の廃止についての計画が明確に示されておらず、多くの人が不安を抱いている。,1_8,2_15,false,481,2,A427_3,dhtool2025/full-complete-compressed,,1,group-477
